city,pm2_5,pm10,no2,so2,co,o3,nh3,temperature,humidity,wind_speed,month,aqi,aqi_category
delhi,118.61663446573512,285.3014513275032,26.29028681644126,42.48837924062501,2.6908862689854693,150.67821675807153,33.962446716236,20.028184212449304,62.899690871269456,17.97897861019166,3,169.5,Poor
mumbai,285.7071488588757,223.71661921076574,67.31860894851118,39.37618645511902,2.5450901108127986,139.969725091302,40.037388462377244,38.092410932352536,80.40742469749898,15.411235656459144,8,227.1,Very Poor
kolkata,222.27824312530748,137.62049418880454,105.38877112578695,4.000081132901983,9.071920347158263,107.49992174744746,13.27292704083245,44.90332649662609,77.01206973426193,8.645535778785884,7,152.7,Poor
chennai,183.6109604171406,329.2421074886405,89.20586193709954,28.617330554840194,2.5705073785101105,172.52801441402863,31.618830880742948,11.050910186528748,31.54249285203303,0.19393073369131653,3,173.2,Poor
bengaluru,55.245405728306594,280.1978455704741,97.75453200406672,31.65525826529685,2.792302288673447,44.08066763982848,29.015553174043685,41.40780530268262,31.19371023061054,14.887176657024417,6,115.6,Moderate
hyderabad,55.23841089749877,81.79443695105869,80.7600871717325,33.10817690995824,7.61804279793784,28.57491575263564,41.808688462625284,31.792068675953033,40.1130775808685,8.568779656867292,4,85.9,Satisfactory
ahmedabad,26.844247528777842,366.15233010766013,84.61180491955304,47.253444799731916,4.552424440260346,155.17353438242176,45.398265963581764,44.06839167076874,47.080604475577786,22.03824902131605,11,165.7,Poor
pune,261.19108227473123,332.5641523108042,102.65749993001172,43.62099864469652,7.7894345138562935,84.65546882773721,1.5956818023919537,26.275333113424967,50.63416860563619,0.7183879581145047,5,244.4,Very Poor
jaipur,184.32335340553055,380.92396705093114,33.71182101880638,49.41659723788868,0.7471249598874139,153.98470521520028,34.02697603388084,39.65857756999808,70.9772912625009,17.544834339173725,11,192.1,Poor
lucknow,215.34104756085318,295.7734131875768,61.283870818961155,61.660894400286004,4.9269548173665045,161.82533488322053,3.539954156866722,12.183792400939703,24.251032412437656,28.24422712518196,5,199.0,Poor
kanpur,15.969503345782709,253.09777445560016,30.439085809254255,65.4128876198553,0.4327746418144981,20.617790915242146,27.89407458879044,21.73476675274035,22.600452816954977,5.2322780133449855,7,108.8,Moderate
nagpur,291.2738571269783,178.93235379043517,118.5818209196144,58.01359994566656,0.7202667142080098,160.1890097076303,15.094003723140233,12.34557882129235,49.39329222079318,14.149484722517862,11,211.1,Very Poor
patna,251.4083658321223,374.43682367452504,113.56682406396052,76.5308482844849,9.073730788109668,86.21423941280177,16.03205337658492,44.137009671767466,72.28727691034854,2.742659754514145,5,267.7,Very Poor
indore,71.57834209670008,349.10427801015516,9.534083307378179,3.422141448756207,1.4785291740641922,96.77352313071948,18.294966669165472,38.59408675451429,34.50765072173619,18.770457367840578,11,144.7,Moderate
bhopal,62.729240490059176,37.183094640351975,86.14114483930418,17.270682883316596,5.370964754524649,116.52072688584575,31.443330003430894,39.83915974360897,68.11283609421888,16.515950417886767,3,67.0,Satisfactory
delhi,63.18730785749581,30.01945030895576,111.40355650280156,2.5899042482950856,4.1698464657469945,167.48504314411474,17.36844831776969,42.8287831001863,39.48711034552246,12.22096572638497,10,84.7,Satisfactory
mumbai,98.23025045826594,163.05607941365884,25.766164689643357,52.503027704059036,3.5386989299625426,13.249736053059884,36.90225347892374,12.978622014192487,86.45645816101373,15.641310644212236,5,113.4,Moderate
kolkata,162.17936517334897,328.0102656970965,70.31370151355239,72.04638281809898,9.008350122303998,91.0633896140289,20.821841893119615,23.49591573796667,87.17674581999624,26.897239754070306,7,195.8,Poor
chennai,135.26405540621357,395.1649291396789,110.2811542226248,20.991619132951342,0.3160516280773461,126.91274721319532,4.349306815187973,12.486221116540074,42.296540321099485,5.888829069332012,5,232.7,Very Poor
bengaluru,94.45645065743216,77.15841861934071,8.903787537366867,74.30869449411192,6.671517893138332,132.86018280869882,39.40423228172126,17.377758554251002,37.24953154724304,0.676935351160417,5,80.7,Satisfactory
hyderabad,187.43733946949004,245.76967183381134,85.2033307333866,6.700856442585747,9.63760489871415,127.73051336130835,15.002157905042594,18.027802196318532,50.847797904967344,25.84994654097303,9,168.7,Poor
ahmedabad,50.45321958909213,164.73852551978817,39.19513584784334,74.88601009083011,5.645665016272235,32.85397199938072,22.20557710036387,26.418752386665254,38.03986888851115,17.313512471637196,3,94.6,Satisfactory
pune,94.72194807521326,388.5674711695492,111.30556246830099,29.426569604691483,9.374542374127609,60.89725002318581,34.58675027787317,19.39967586087749,70.42878824687777,26.719753663855272,6,188.8,Poor
jaipur,116.24493455517059,340.0051907915693,116.6716981940173,9.910824619038888,0.6173530049316353,70.98163932089228,17.290351700286887,13.534233738621637,81.95485134112141,17.908356702395178,1,173.5,Poor
lucknow,142.26029542294043,338.5649077902324,113.5906462480449,39.8979972165334,4.246053858834197,146.75432530551586,3.7726971511890657,15.86218811829377,70.48190981834128,24.304832698791074,10,184.0,Poor
kanpur,237.70102880397394,198.1034007220887,59.534634915608336,22.02857228219962,2.6755621305243067,57.389178310474016,19.322131303627867,15.154644724323182,81.82628354370121,12.890200900654438,5,183.8,Poor
nagpur,67.90539682592433,177.63141088831276,104.13490486377104,24.22008635302998,7.335127553309225,45.81984385742454,47.27798055202087,44.05768792693044,49.77441216556056,22.495797938648064,8,96.1,Satisfactory
patna,159.12798713994738,123.89468733366837,102.12318083153309,25.96861726425035,9.814841195922742,172.76616323647636,32.44498546762935,36.57523774214658,31.723772803164564,27.39124400669568,5,129.4,Moderate
indore,181.8002249699923,41.4226887273523,41.6965544229744,64.63602003094775,2.6396476181980533,11.506758469289712,33.90247828469314,43.87165128443467,75.34632105481941,17.16368891166619,9,100.2,Moderate
bhopal,23.47061968879934,348.59450297692024,100.3252795273279,44.05457958066985,6.576328554593337,179.6295454659363,31.981825528244354,25.3909170277768,47.035587885616536,5.423554516871386,11,139.4,Moderate
delhi,186.18800705141712,328.9023834694295,9.25587799228165,26.282000534168283,2.0611665643214274,125.05962080575725,10.750614809012403,19.74289685819298,70.34531189218494,8.063928450905944,6,199.1,Poor
mumbai,59.451995869314544,399.8927158487296,73.5710360254361,49.60603509825163,5.696769520258938,150.83978090634992,21.498359341011728,37.94026190232154,40.298295648632426,5.959337306922174,8,168.4,Poor
kolkata,28.86496196573106,398.72199808808404,31.45101628808585,57.8597525894091,4.692931618214528,60.085297378852836,37.796050119802594,21.418887131440137,26.09222261050045,7.405710827871987,10,140.7,Moderate
chennai,285.17680580346666,231.06404812899842,18.865191864387064,23.264672057215634,9.722852763352217,12.433597203400197,5.967271980104798,20.478418079687188,94.44363466158225,9.19246348053109,8,213.2,Very Poor
bengaluru,290.03328959162224,312.215217768594,13.849618187359052,34.25682991897742,6.124419999695019,135.4378181554601,14.614786028395901,18.137709727274093,31.715113094794944,16.654013602595654,3,264.1,Very Poor
hyderabad,244.43523095377373,379.01097735532267,85.07320922598608,11.507115280281909,3.5601130836595063,151.80458149011488,14.539636314826828,14.538764237848238,94.13157454726108,17.639748883914983,7,250.3,Very Poor
ahmedabad,98.3379930602775,342.86600845741634,44.0856208333276,16.129649263705065,1.2295482703905405,135.88094243209827,22.168927452130795,18.976207135586808,93.29599494248355,12.794992417255834,7,178.4,Poor
pune,38.32491306185132,113.9922786624151,88.34817872580757,55.12719260926866,1.5973436044758522,34.284548841142566,49.03806830616707,22.43619119658607,79.53635779310298,18.462623394625062,10,54.4,Satisfactory
jaipur,208.4275776885255,191.20677141783554,12.515979191878372,16.1521911202589,2.3306376065172274,138.08274678368474,4.307624787507275,33.589797285100566,69.45672215614982,2.4472477683409775,12,173.1,Poor
lucknow,137.64422318448436,69.0805777575681,41.25838885052019,42.96274392603069,2.5845699472689505,140.71687295829898,26.416348724649158,12.189769477680805,63.33552876883135,2.633647111744799,6,86.9,Satisfactory
kanpur,45.39108810498586,382.5393903583145,67.04149862316379,57.30560841434975,8.521098972627264,121.95188766390933,9.788869418598312,17.367742888287005,84.9576159033376,5.154883810729753,12,142.0,Moderate
nagpur,153.60130393226837,250.34636109133442,95.93316395648081,10.33640000139002,5.656105603996997,140.23970857524967,48.56315072507746,38.31582741020867,41.7079641214616,15.542324941210342,7,160.6,Poor
patna,19.972671123413335,106.88426609131584,41.65653783718804,46.250353131054474,5.281570022606227,153.80664474521447,6.551871731645746,15.142267325431977,55.07609093636578,6.419840360949407,2,43.5,Good
indore,273.7029166028468,275.2462600742256,76.97750829025604,22.011897128706373,1.236211831505253,114.31269942036793,20.77644911571797,21.992580128288253,66.45424770248763,8.49853210477732,9,225.0,Very Poor
bhopal,85.0461946640049,254.88873137400043,106.88744104716152,77.10829626853122,8.615382964159407,25.062801374845442,37.156364256895706,40.263062265034904,50.83928569021183,12.009385085189821,10,157.1,Poor
delhi,202.13146246265478,156.1018328524794,75.82426664096502,39.716560444154126,7.255861601763988,92.89672764342585,35.52316697334482,15.422385890020493,52.0614840567701,24.355983720311396,10,161.9,Poor
mumbai,100.39621206592918,63.151885035859024,31.790339596667884,64.86741888246233,0.7699167828100156,23.20038689417286,21.71370320780268,12.895789246636646,44.77135006265633,0.41586407738580355,1,80.5,Satisfactory
kolkata,160.81972614156513,275.19781432526383,7.806089879001872,44.91767028818842,7.10756746257471,79.28231527551324,17.979684229683194,26.95882982780038,62.3173862513402,19.481364607098673,1,159.5,Poor
chennai,168.5459810095511,217.71692634344146,105.06137049860693,5.386177562675895,5.481028351692196,79.2081031513567,20.483006549090657,20.584682894748774,83.7930896011337,20.06629593122056,3,178.5,Poor
bengaluru,63.60779210240284,313.48098885954295,7.445982247794521,51.385807296333745,0.9090809228931047,21.221673503841068,13.949536894773324,29.719292756934895,35.11462835047347,23.959673410699097,3,134.9,Moderate
hyderabad,291.17954205172197,217.66213042255748,105.59069235868293,76.20946069211925,4.637176351133699,69.29949077481149,11.06131399663319,38.13317116692163,90.0824779065081,27.982588171809397,1,225.9,Very Poor
ahmedabad,234.78851877472323,343.82897012104524,65.82777041312937,48.925721971413836,4.898493242587465,28.86967679452352,24.66894518038561,14.80019708534601,71.68157403111722,0.6041354684786948,12,209.1,Very Poor
pune,282.45469305361485,229.7245987343045,112.99278532898306,65.89673103528963,1.7411679476164301,147.39998570156777,14.15815404731276,30.324467959399975,81.74549095100227,4.613511165396486,7,233.6,Very Poor
jaipur,269.49993162401813,233.1564291834468,96.86007211397153,70.96810414117581,9.462411655302795,171.10696441396004,15.085621579965256,27.69280661364524,61.714301947250874,26.58513882167979,4,231.4,Very Poor
lucknow,183.3909938552147,353.1283690101711,119.76242271133381,19.790222212016733,8.514756177658553,22.293800793849563,33.181047110253296,15.042757510461986,78.46375260680476,13.755556865610462,10,201.9,Very Poor
kanpur,277.3435281567039,173.32348916071086,45.33185877694667,18.539497512841677,6.7233211395581725,172.36958523958924,48.45832925329472,31.839946993514385,21.21502980046004,16.937719168003905,2,194.0,Poor
nagpur,35.66282559505665,70.92578681124348,93.2266532270796,49.65651713037735,4.676726053906011,98.83802188724668,30.57822282740938,19.577414625127005,81.37853185846514,19.89081611169442,10,63.6,Satisfactory
patna,66.8350301015521,30.93741699906881,51.22205506506285,34.060220644922964,4.176478861686634,60.92616525215856,4.771993886183347,27.074201149040437,23.010414431402488,20.37199813486912,5,28.5,Good
indore,23.11591378405604,306.9521571559752,60.18569633494952,67.50918162360419,6.544637324794446,23.066552796947796,4.703597078849282,12.879531349697166,86.74350322721469,27.952212099495245,6,106.3,Moderate
bhopal,104.34579592134666,255.71762951431657,77.16312827011257,72.20180362504487,5.499775507128364,95.10612557197103,47.619737821432736,26.085442002476807,94.39720604289825,29.908482522350088,9,149.7,Moderate
delhi,122.71641400994979,287.5503118777049,105.47286813142895,29.566867585612012,0.7165037482306675,145.06764256342728,15.567248725059347,20.72622138149871,42.055059663258334,21.604723827928208,4,181.5,Poor
mumbai,88.69121921442981,100.92638137338608,118.16959895791894,20.4759036000096,5.173776222826284,130.20470113533867,5.511282318041296,38.7833423914874,35.773891721434524,8.616636276154525,2,126.2,Moderate
kolkata,250.3338776540595,71.82116072297251,93.3514425944196,62.88099018902122,8.083395810605111,18.538421948875538,30.353184770368696,11.994255444907889,77.40225228935304,26.392572068830308,5,193.2,Poor
chennai,113.45846474114089,25.52697295379513,53.04317994924338,23.434870772754614,4.6464747882098845,22.393312012543596,31.55879013622304,24.65125462214155,38.97697556901899,1.4766274362228482,3,75.7,Satisfactory
bengaluru,91.47100780934042,153.22327234650686,53.45605526186307,66.16391684406692,0.6143701177872573,78.4884580475483,32.77673618581572,26.04509984460033,84.91717873791526,6.932425586234886,2,95.8,Satisfactory
hyderabad,167.38186411589206,244.16872100476058,89.82196468272252,35.0515837846035,7.884154173901927,60.19938398815036,14.102699365019523,35.37521267046915,27.713194411810754,26.921571523911446,12,186.0,Poor
ahmedabad,50.86802524268117,169.05273713789828,32.45937176335477,54.0688921447347,2.0935014431461467,49.50533491952813,1.7404235265092767,30.100065128157386,29.44663972845187,7.6857454331806485,1,75.6,Satisfactory
pune,242.6371244186715,186.24047036901703,17.704523010110385,9.451754479104117,2.660346265391584,57.77076481448131,48.28575310326912,33.352431801796335,93.43636663254617,6.619531788652454,10,168.9,Poor
jaipur,31.61968666713354,363.5803039076244,45.7815481286893,50.6610273247727,1.7305928989797295,146.5920663604704,13.293759238864022,37.196724997811465,70.53791737025034,4.143758794207417,2,129.7,Moderate
lucknow,296.19721161415004,152.33707746885412,38.0324840402194,37.23787894150387,3.369129142227826,167.96876911741515,34.12528811457483,40.177104078036606,83.51654183217147,25.773352729407495,6,194.9,Poor
kanpur,233.95098309603065,215.3160058807281,39.07543385243886,47.75546012768698,7.591839906317487,78.8674580696863,35.62486362405677,20.985642385286468,44.324703301363854,15.001747775732602,8,196.0,Poor
nagpur,67.62754764491,317.7881448416344,31.86489137073964,15.105108204099347,5.24192000908898,164.0388703625245,30.8903634368948,28.830794687736603,70.73628121404533,20.246796091624645,3,125.6,Moderate
patna,11.601413965844696,170.68625728208266,9.840716808181616,59.47615210564621,2.1283246140920546,64.65426921213992,16.332462316468764,39.403782745372,64.56813704814479,7.17199152225089,11,62.7,Satisfactory
indore,246.48381425190192,256.3929460865919,7.055502494342588,69.29817204837182,8.790517773705204,90.99428767844458,14.283716434439222,44.63078958377697,65.23625900922102,22.741212630336495,9,228.6,Very Poor
bhopal,214.98862971580897,347.69820932376314,118.58807481964362,18.9057044070805,8.807860364020138,48.42492962871995,30.285745852432452,41.13317588653171,71.18993446532912,22.800166348862955,12,232.4,Very Poor
delhi,221.4120787318863,380.817836989904,54.19391037962417,9.465735330572615,8.718726407955469,118.88092716989348,43.43868604697288,23.00135419185319,63.15193798468239,9.377940747249005,9,256.3,Very Poor
mumbai,233.66840053892426,75.88792275303442,49.197564423363396,3.843809711614239,2.464082492677239,176.4267895797175,47.38995271724638,16.830828102652767,52.179677697699944,12.320478990308485,2,165.2,Poor
kolkata,31.472949002886203,372.10329756136787,83.15943750970303,52.073777034574746,4.567269507391782,112.59382632737437,6.189384415784124,27.128738809230605,40.69420207854101,6.290708322906026,8,151.3,Poor
chennai,113.95506127783905,207.0041913702245,30.09919710448238,49.3533348149249,9.851397595794664,70.82839429930331,8.586602017288273,35.95745081426148,77.64359981849015,29.296830699687128,10,120.7,Moderate
bengaluru,43.60202726228762,118.13286755360417,114.24553615427591,44.64239819169746,7.742923515468904,120.12896581838983,47.292076680370904,27.239917476365417,36.970432250238964,19.368077311752348,11,92.2,Satisfactory
hyderabad,260.2999935039221,194.47158737053928,95.42967665778849,20.091873497046084,0.36895747013304225,30.896515339115886,37.090226188404834,26.911330215978396,71.92657296158106,28.036316421465465,12,200.1,Very Poor
ahmedabad,190.7564567799918,392.4123786084813,15.282265265909844,32.49066768063014,0.7455254534788713,161.07204364511776,44.26669741665888,39.33806473786302,37.499961698699494,9.101566308873995,5,217.0,Very Poor
pune,105.96042720726827,207.19487571729044,53.021789215266764,48.369154144521495,4.692920630442094,95.52427163257218,10.928999072631814,22.649132267351522,66.89976274658405,23.456727389906693,4,130.5,Moderate
jaipur,28.431921582946853,144.92561190925312,106.09860536964894,40.74781499101521,9.101280038029445,86.38945614673915,29.79170768436069,40.0928136184076,76.03087003467718,22.97575931654226,10,75.6,Satisfactory
lucknow,100.18487329754204,260.69232464035576,113.64418256351219,79.0472705767612,5.433147799731871,109.59701403709826,35.35584012645621,24.238168033310323,36.40354166799044,20.749669555996245,5,138.5,Moderate
kanpur,104.30316338775664,111.25533513571337,58.75117379373502,12.642300699425185,5.028343829539473,116.21325667419842,34.32548238690166,21.488158698741877,24.49574756459812,28.969169258004012,4,72.1,Satisfactory
nagpur,221.5857917180386,48.82806468129229,75.54230975923139,56.22127521571232,1.1441896295706429,22.201887058507214,20.999432852468207,25.889646891989464,29.823030724563054,11.806660083189467,8,154.0,Poor
patna,194.8916666930118,68.9742943260467,24.20890380058865,33.536863912134784,6.602123036770511,126.04492760797841,1.7543496928741154,36.685643553620395,65.44977254532691,3.9215197076927186,4,132.0,Moderate
indore,267.2916953471347,68.65741880395353,118.9843920057523,35.39956996419795,8.238821289942232,51.12838565364003,29.56337678340889,14.410070975239801,83.70848046693015,20.15126577732182,10,148.1,Moderate
bhopal,146.9423282969653,77.72302353467185,31.64224565909599,57.97262572133775,3.866158074324867,131.37194752612027,13.401975419800829,16.874672555520608,23.374761592656828,21.879294014316184,12,93.2,Satisfactory
delhi,44.682331322107494,72.75432560677585,113.41415402553945,56.010019803300835,7.778557324160742,149.83091504531345,23.062458061001628,43.30056889820822,75.06134442812348,17.25181720376444,6,66.7,Satisfactory
mumbai,216.84098829466856,263.5324030252216,79.70936463412237,79.31796750877069,9.648318873618035,146.67294628392844,47.921469739107046,16.142206958347508,45.59889844625391,6.204536794001888,2,210.0,Very Poor
kolkata,230.62766409890025,89.11443207167504,74.8897314110688,12.014754577421769,2.1172879453641222,103.92516445934115,20.5527305644793,29.87045612758691,55.88962774396419,15.133678250080662,5,131.1,Moderate
chennai,172.7703872951539,151.35356766306802,63.95917876689849,10.120552651964974,5.280963348827939,98.4288816928277,42.150278726556905,30.276006333167825,89.66446623841742,9.365692097073882,6,140.6,Moderate
bengaluru,233.58048218682268,360.7795957642845,31.52702834754225,58.49842773604181,2.942665785037298,34.288913427699995,10.238489681713306,27.136856171758566,44.89786285518841,12.823995845000672,5,240.8,Very Poor
hyderabad,153.2007229456733,200.1054232998915,25.30072368063345,47.11417952649991,7.9492587484350095,141.80884556853306,33.950564403226416,32.56608370018865,54.900270045461454,19.356557275339917,12,137.5,Moderate
ahmedabad,161.59252052077827,273.67194063799036,30.355914043070165,23.384531991664858,5.818174322223459,56.13959467594144,48.87334076750823,18.043935402916645,21.026181107051084,22.356442280725037,2,172.5,Poor
pune,133.9868953239794,85.48155105661934,26.44040014658927,8.194710781140955,6.382365933748007,94.43822187905091,5.992761942773903,29.34317937218619,26.11990400036288,6.9667407270402935,7,89.7,Satisfactory
jaipur,17.371546755787605,93.06982714729489,94.65221446017664,8.681343468521582,7.999350180197351,58.32659579767784,1.4076771691324086,23.0260639336414,39.394369335108806,12.1597608194086,4,64.9,Satisfactory
lucknow,41.28851382805829,35.530074181261966,45.264404804173964,71.74688822380122,4.020107679358303,32.75082170994783,22.2455568389981,33.15835408702162,22.08891806158058,8.074847129748875,8,29.7,Good
kanpur,19.114463849152934,84.19532396742252,11.651907804790582,16.965651328061945,9.159391677229728,117.02480847159522,5.538648669516992,14.942824018060232,67.35314945361883,5.9589484158560735,7,20.3,Good
nagpur,194.5590192664963,125.86432883214428,116.4468024661933,27.22298184501062,5.376985785736785,19.23644591989365,37.670833134135336,29.980709589381668,51.97987676012169,23.501616599875153,7,154.3,Poor
patna,101.16323451213474,87.2639840251638,106.63537677079395,19.679199373705064,1.6637527460699455,137.26968980145398,45.81288452857939,16.48446243841633,61.11089020460165,27.277580833109774,9,72.2,Satisfactory
indore,157.4855004377638,53.70696282768113,111.6915125674495,29.68971185489111,6.989401269871144,63.98975519438983,22.267027662729184,19.752507209026273,33.098538942224714,11.106965570537302,1,81.5,Satisfactory
bhopal,273.194277438567,65.8416310182283,119.41439960434006,7.415059734195283,7.953287369338718,10.022897810762505,13.676870465616608,17.65484301132541,42.19490220774621,22.538367731213008,10,190.9,Poor
delhi,82.29474645317373,195.0959318524358,24.997953660241038,42.48666369084509,3.235940602968514,96.89195367032907,22.28576263132388,16.3993222954086,69.78683561395438,26.90985868093233,6,90.8,Satisfactory
mumbai,129.01104768033264,98.40681299420115,50.567832173805755,7.273779960192762,8.586074644287654,17.964824449692532,36.448943074650046,38.899883304623344,92.39770427227998,25.383726315906948,6,82.0,Satisfactory
kolkata,229.10983017748413,158.4225471982687,92.1974247059705,64.4278076101442,9.070818222181087,56.94882482955291,1.443653917438178,19.999764868131162,23.78125802016569,5.484401656176777,6,167.0,Poor
chennai,76.35146799257052,211.2985629248456,85.0423710761861,20.229542389013776,2.8413544250403087,130.18600286747176,29.883245484750162,42.44933236525573,86.77882406414496,28.688756445400838,12,102.5,Moderate
bengaluru,32.324173850349965,282.35003487915884,22.698029229083332,44.12092933915183,9.836862579880698,20.657235675717196,31.051292559481574,43.94742838708168,63.266090098340634,11.300293212883874,6,104.3,Moderate
hyderabad,94.02792134499273,34.938613139617594,98.82080937392105,70.64616882979374,1.4930441276827084,152.6875437005204,32.24672409790084,29.994116447798408,62.29396750667178,10.17721983521509,12,59.4,Satisfactory
ahmedabad,56.75417330366128,323.7759515854362,30.810665761215976,52.768434785681144,2.099955117184651,10.649386851959129,12.859081919062984,15.005039293300424,57.520890140582026,1.87293981833341,10,140.2,Moderate
pune,279.6123191793462,258.60214800654495,30.739025704601655,43.57070735100415,1.9238259084564588,51.96005776432338,35.988583445528214,23.109188518285343,25.204556442813754,14.58520962314649,7,233.9,Very Poor
jaipur,244.3549100736809,51.068432140571325,66.75205863274256,27.298032742999297,8.950498129077918,135.95368954585214,5.478182830257044,37.92062921718749,26.74076388021205,3.270408469227861,10,129.8,Moderate
lucknow,193.6870893880228,351.95987716057533,73.18809250679587,27.974149218539438,6.577496268017122,63.765925453982156,10.76424648687324,22.858675504397468,65.06840042443146,7.4561946278227795,6,205.5,Very Poor
kanpur,262.7235711544381,369.93151220208904,71.70991390134829,54.21998250545883,1.6058324039005016,27.3217059712223,43.996032286069614,13.045602640597606,45.57189285766687,9.508278653018442,1,248.0,Very Poor
nagpur,243.0649023007432,43.20962474484823,15.52098630074181,79.54287017525107,4.459201841846655,71.23976619607274,37.19743438560175,29.487471882486577,88.79510499332605,24.26478970475052,3,138.3,Moderate
patna,64.1053170769504,125.21350629593742,105.90799920249374,53.62345680825153,6.1914504481910395,55.96685868536934,1.6735321465559174,39.57922980236121,50.49429030196042,26.264659511876896,2,104.4,Moderate
indore,268.8421095620935,326.3564863213633,35.5440048977012,45.50710655486194,0.9262944413948946,153.26102336729434,13.17043675812021,37.85742355002259,30.74610940269808,9.07398952384409,6,257.0,Very Poor
bhopal,166.4092501555387,304.3386823457902,19.89421594752248,58.990739798661195,8.835922047232653,63.26914598947433,11.505917666665063,16.129309904562362,73.6039125126527,25.760943637337217,8,217.9,Very Poor
delhi,244.15764499757813,90.11798735542338,107.20602918493238,38.286037758130014,8.055675000871199,144.11852020192123,14.269510073811656,33.54676150443633,42.001506608075736,25.71692812109373,3,133.1,Moderate
mumbai,269.866476977813,99.55274286794992,114.89992229642164,6.691102722861247,5.101547058408718,161.6182646178249,13.130428743714434,17.71764922024765,59.41027305169199,22.939528511546207,10,168.5,Poor
kolkata,102.22100774184052,160.77939906072515,104.14467598552682,45.859151638476966,9.674553491065787,83.74896132801003,4.063788491399441,17.637263709326028,72.33745891288775,4.400853420455446,8,144.5,Moderate
chennai,41.91505811302626,204.1187343725881,98.09434859336098,76.69477219141966,4.235833694823487,164.69033445524664,23.488085313244195,40.592512065681476,87.51980834015528,20.70968540702187,8,73.7,Satisfactory
bengaluru,76.10119713716308,254.93681318151246,80.3528277734875,15.673629503897452,9.842692158461329,74.14406917374278,36.90394026452209,18.738413345908057,79.41433961012571,28.350721937417063,5,154.2,Poor
hyderabad,133.86125870161433,160.18718303651352,68.34859762005102,55.820381484011925,6.712407988155908,173.89333080331838,30.729854511154386,19.213657128130393,70.72708009045431,20.476214363014712,8,130.2,Moderate
ahmedabad,247.224282117523,195.7631921305962,15.003477389812167,17.672827715406406,6.383245605214021,25.179219169347398,33.97071176130591,10.022868676645484,70.97248867963577,9.948505473235018,6,188.2,Poor
pune,259.6118691443396,304.0389564908275,51.97211950313035,43.79455938890034,1.7429534634282717,126.79327530555126,4.976309748275718,40.47341619439312,90.9443483024065,15.017379522924939,5,211.8,Very Poor
jaipur,12.016117854045305,33.939617098427206,47.85917945641611,9.54076307244413,8.831084807215975,93.94838687767788,47.623044798662576,37.740818462319716,42.186807312240205,19.37175130053161,9,17.1,Good
lucknow,158.11671774749405,115.92603885072789,34.87168513243751,37.12893302813844,4.33214791041409,75.90029692746,42.086099858308216,31.95651272817373,20.083407064714056,15.317112261855106,7,147.1,Moderate
kanpur,131.0491909131459,291.0728426361299,88.19331307418727,60.98073965382919,1.7061107172465457,117.56101938726215,40.44942560628747,36.259301737859474,40.3965919548649,3.598588251929095,8,168.4,Poor
nagpur,74.41126503651178,360.1785983211357,62.02570953405864,29.110578890640603,0.22481444776001452,129.6557055778363,41.32620644704661,15.321699859857212,36.341853472005795,9.36192133956062,1,149.4,Moderate
patna,44.76095652676801,214.43742800395313,14.320314829379512,53.86311451000301,5.641581268019987,10.741755840552544,46.70281489850531,26.04132581056514,69.63759388354987,24.071880916608976,11,97.6,Satisfactory
indore,107.90839970705211,222.20312440081995,30.321068224228302,64.04509694159887,5.321256259014495,38.38202508702378,27.668444339571188,22.29267855720733,67.52836998241469,25.842541382865523,2,125.5,Moderate
bhopal,283.44381413463054,60.7253643091149,83.57475782085353,74.3198699193973,7.22160086145467,131.21782860783418,10.813818875513668,13.282178418995578,64.50960370285429,4.1190009814671065,8,181.4,Poor
delhi,103.72885028601901,190.01669939291276,13.755048841384522,20.302082384725377,8.91355472487624,123.2855203082951,31.222396784774517,27.014566982522343,21.218258240709027,28.571602571961737,12,99.2,Satisfactory
mumbai,160.44928030557617,222.3945612529088,102.8887951156084,33.146641433126035,0.8861251879659923,174.22807587187512,37.40119318972901,42.22588776199224,74.65835408379857,9.86467853545828,9,162.9,Poor
kolkata,213.87549807960158,112.13879138119727,61.94185060660705,13.88844903977256,7.341815254369587,139.3764243426331,37.157952274347245,11.402069166774307,44.26478093641187,19.8694121619216,4,140.9,Moderate
chennai,115.45258468999525,122.31242776076476,60.26745639256452,79.41371316835327,1.955378246566064,171.63136031432748,26.551002184177126,20.201131972282788,69.87919917549733,22.554754378700434,12,80.4,Satisfactory
bengaluru,291.8168039890786,163.36798197975662,73.12689523584453,74.30607549809504,8.595952826255923,129.43188526091717,4.354477247345325,17.26393276719962,61.7433821376615,24.358387039136502,10,216.8,Very Poor
hyderabad,289.10971553321224,27.62705515553602,99.83831108139215,44.11665616188365,8.208728787230395,60.66887546870534,19.184533983076264,18.33513287829937,45.70481940709304,28.372491066777904,11,151.5,Poor
ahmedabad,83.0168657893556,142.39008292160776,44.9980589087522,67.67859696136085,5.453858174356889,27.9120367826456,46.11756381470451,41.79520931577814,30.09322003280808,9.387586440864679,10,91.9,Satisfactory
pune,154.2020667087918,100.35024265868697,82.9718575442923,42.63472222721929,7.131403706370784,142.91005676863904,29.637996578113874,26.382416898200155,27.08141732453607,25.755193636546636,9,135.7,Moderate
jaipur,97.25470984686321,144.44899382760758,70.05917585951597,50.639683664215255,3.2120661205191094,119.50536765090571,27.378265219529958,26.320479452893657,82.36387498341676,3.9506071030862113,4,82.5,Satisfactory
lucknow,92.6037433694656,65.50961009131547,35.70825106948345,8.951705705049296,4.764562199434865,18.191622106860358,14.173822204727482,36.62014748593488,88.87981565611685,21.15122719060778,10,80.8,Satisfactory
kanpur,20.69721473281451,358.4003666811601,106.04244843084317,60.91109279875102,8.234205287333669,71.20857920316632,19.053997075912367,15.407227140172402,68.73410350732246,22.259331885419577,10,132.3,Moderate
nagpur,186.7736568541701,245.56513235053848,96.70399248479673,11.961651723548316,4.646725452014818,172.65596863232864,44.8719583685053,27.054287393501777,27.75755861453625,20.331697236039613,10,167.7,Poor
patna,155.77691673636983,278.05888127490607,80.72196098571894,66.43327515969722,3.642202826721874,95.06819477073421,33.65668932881495,25.04948249423709,50.152041266618056,7.5694420840545895,9,207.1,Very Poor
indore,24.928837862496913,319.88507067078854,102.81689884583781,62.9981908382901,4.992703227777969,83.56395312334979,39.58196431086431,30.891874169132965,74.67044000788678,26.191294410456102,11,127.0,Moderate
bhopal,90.80747462861731,209.40803559304177,104.73883311037727,57.282086423952165,8.299667599128462,87.80893287707998,23.2629257303151,44.98451961376535,78.4865663007551,5.06575390111185,7,118.3,Moderate
delhi,273.3971069303296,53.029709473221004,86.461742322229,4.820509680931445,3.4185596689716404,45.510063080877835,31.88211375335174,36.93071129287165,28.866396671831644,1.6090437456249251,2,154.1,Poor
mumbai,79.47294829342201,224.10048589104815,101.25653276182229,25.64401176373563,1.8202397720438637,72.68021904701519,13.170796828417169,23.92529960560995,20.002303913403683,21.523949718357365,9,136.7,Moderate
kolkata,52.01951290645469,242.99962484793406,85.20921809196761,22.522780453045744,7.1489388012747295,72.86825351782002,35.567580683890824,38.964356829591644,73.41027844104538,14.26427145698201,4,103.6,Moderate
chennai,151.94130048049328,303.2670001900454,83.21618875243455,30.09063978277849,8.27718430581001,18.900353431870307,21.952465351463527,15.974792715936807,46.74471319896542,25.47294059876028,8,192.3,Poor
bengaluru,295.8386316920742,184.03062756727817,76.1403084947462,8.836134247579405,1.09631103738298,140.4864968480461,22.684730225922532,11.066229020813605,39.08609987136952,11.501914231747769,7,215.0,Very Poor
hyderabad,80.19602873833512,68.48051506231423,91.56241354912873,75.0827101964229,2.474753716283853,80.80575342365943,32.8167939042672,17.155693036249556,20.96731023421441,5.048357655231385,7,94.9,Satisfactory
ahmedabad,204.91930874770478,127.8348442035153,23.239587108703475,45.19657477556535,1.5055226986338397,149.77058075879197,46.877750451977406,21.914404463999087,60.522455507112475,25.093265774096093,8,130.9,Moderate
pune,230.8696884453281,157.97127263148133,106.30013730787677,25.830896231325838,3.54461997466345,154.55916019038222,4.136310983822425,27.870326511084595,83.83630515694864,16.46728894920215,1,166.5,Poor
jaipur,78.91488775779591,265.44855170600846,105.26200569070168,32.96455833179411,4.558474691163585,46.038989298771874,41.41241863000337,31.529519918941993,91.82237347044409,5.675873771710647,5,132.3,Moderate
lucknow,221.18274109743928,236.8957557741865,8.363437548974302,36.88179815937718,7.513380735936734,121.75009196892185,15.326772410197462,41.87120010250476,62.43087129599669,21.611519957593373,2,181.8,Poor
kanpur,116.65710848858343,155.31675584118156,99.96892631494771,48.84635800212815,6.546361090328574,90.2879067077069,22.752053270812514,27.84489033426602,58.58459958049206,15.333409154685016,2,117.0,Moderate
nagpur,193.36869087213805,394.8757945413323,19.820034759446198,42.22299536032683,6.247192818036469,159.62664544665247,2.073753109975439,27.54464756190053,26.379228911693083,18.129389467209595,1,259.7,Very Poor
patna,193.72361612065947,250.19443135561713,43.53866823980132,73.71257391072456,3.5885119714355787,46.6759154599972,15.751257813881338,11.758505343804375,61.165460115694984,13.826950146197456,5,213.1,Very Poor
indore,165.37465838167995,110.1461808596779,90.5034494735349,40.76315166665476,8.430330775539124,125.22824405270752,25.628930888876393,11.221904342967834,48.498430922404594,24.86126951454019,2,135.8,Moderate
bhopal,36.18403331577841,58.67733959575342,23.487388045555445,79.38832515621839,4.765742957241829,113.31786078296284,3.7526277900245115,29.290598667073024,65.53514606626827,24.886881470491495,4,49.4,Good
delhi,252.23772372087902,78.08647289004617,99.06620777369216,68.41114670411747,9.79313888635003,60.201251187211575,25.063690739775094,25.336251463692058,49.154476090741,21.281664654731586,3,164.3,Poor
mumbai,103.0262188418034,113.4639367861131,100.69543046514032,18.263820119872193,6.378007169127795,33.222153620699345,46.42842081406294,39.37131382431045,38.02243425877751,3.1620413218938683,3,85.8,Satisfactory
kolkata,64.09036801595772,81.05892183863116,63.35878938249616,74.58642674222547,1.3500209414885773,120.77875928113701,6.1642676872824556,15.623785464914581,27.12239564212824,25.165615857122067,2,66.9,Satisfactory
chennai,21.824791050881537,90.89546913949619,5.734375247435862,11.076579035067136,6.794157864546796,135.5615678824962,38.457595675699714,10.874008174096735,43.61888334416718,20.130389415987295,6,51.2,Satisfactory
bengaluru,181.35895352459013,128.3361641036619,38.00938531511497,65.76107726231294,3.31852975277382,63.6566484397695,21.073881615423637,25.716356877554404,27.24836257158142,20.910724980128986,2,157.8,Poor
hyderabad,206.4936649342619,85.88196621200683,75.94659561321035,31.688616891173247,6.894639247192364,119.62154268379335,33.103512011692565,18.311749486329013,33.267271311798794,10.88948521211615,8,156.9,Poor
ahmedabad,14.810470389078283,360.77086135804154,117.8364104731537,70.48199699471542,0.7894473668078168,77.17225429395556,13.75159330127624,11.73650306685931,94.05021189346594,26.3783866847102,8,114.2,Moderate
pune,158.5069869067915,50.48882335142404,77.65855560691686,69.70842182838113,1.8313262280419982,131.24517015804503,8.815120864526556,35.360940039667014,53.3077667679964,21.761148007045723,12,105.2,Moderate
jaipur,75.683774807402,219.31432803669676,34.87741182237838,64.86218120917445,8.571798863167285,43.86659673198903,8.862668099290095,13.905754998503662,59.89038248787624,3.377713995875834,5,90.1,Satisfactory
lucknow,197.10010921874047,175.95079425607136,77.9106558564553,63.622374031950784,2.3490776145327974,161.33655044814964,4.454105336514088,31.291182500272008,85.52138965529115,12.23334103218488,10,183.7,Poor
kanpur,60.56626441144752,393.3038744252704,67.09831866732338,25.76497284964718,8.386707139905106,58.859631399148554,10.096688540160908,19.83674125584112,94.66766753680159,26.591410858804252,7,153.4,Poor
nagpur,210.37194404971513,62.57478282385989,94.6822204423815,8.31170407799767,2.8648332756986634,72.523617918546,33.54674986445944,16.07236176242577,63.70358370085111,1.4159010509213699,4,137.9,Moderate
patna,122.15325042715585,171.1851276373818,17.302773465100216,33.43245394368259,6.464530909581206,19.875631853659463,44.202839980331895,23.29130330217611,80.93553657831288,28.842498589261485,1,123.9,Moderate
indore,281.651696733653,388.39876464464015,92.51820878773322,15.534912168947676,6.972090677747327,28.957076094616987,40.89215859396693,38.050602167803376,44.52057682525064,20.374877049586885,11,313.5,Severe
bhopal,49.881073802338044,348.8927078397125,67.24565654775267,56.20618493439201,5.175282056136024,97.69652346109578,34.57158118384972,23.723275191660044,42.93079680854683,18.9412793293013,2,146.5,Moderate
delhi,108.90924180457496,330.4873869607264,115.74408044378438,28.99577866994727,3.12257569929764,55.49075504375515,6.411161307144031,36.27693772238695,50.202779074592016,8.116777694639742,10,168.8,Poor
mumbai,42.90732115977083,118.00307427707713,44.3152990944489,78.09759566707336,2.2051793260738517,152.03163837617305,15.170184868501542,14.392020387970273,70.43804470052368,7.463753662175312,10,48.8,Good
kolkata,278.1611493007832,84.93728320822501,77.75151771040403,51.9958220329359,0.42857461016801957,12.497876071342153,16.18053689080098,37.046999688277765,71.16437669413241,28.261746584657864,4,200.7,Very Poor
chennai,264.4284124804845,274.08442357128376,112.18323213365201,66.15348396348016,3.109069372283166,74.44598827422915,13.24789037348344,18.2926663717327,43.64295759870881,8.948173627023682,1,231.9,Very Poor
bengaluru,84.80307203739513,373.1628758684826,16.788618718928113,12.336924473864178,6.566311626259702,67.34874295074576,26.235277325776433,33.70875954611055,29.990744310247152,23.265158901569983,8,182.3,Poor
hyderabad,201.39537334991192,231.56989934529332,112.78127603219188,69.23712961726456,9.389217702639979,13.285697255992176,27.242136929103957,29.802354419434874,67.42971923491314,11.793653946212375,9,207.1,Very Poor
ahmedabad,246.99443805835259,237.21282199856194,84.10685806459354,73.97506086004476,8.724924374404216,31.142627830086738,18.4874127833844,42.520065102409056,29.62443966415734,4.177622123541119,4,204.0,Very Poor
pune,171.00823536384408,126.39205559090799,12.801261797094769,39.990829667877,7.684041287699496,80.31925473616799,18.335668778085363,23.556288129135993,63.386938117199755,0.3214589308607685,10,106.5,Moderate
jaipur,163.59866772324187,312.40731461293603,39.61081019888387,49.28772914457624,7.905628698207657,93.78697935606593,41.59922429739799,12.315781609205416,72.00665960422317,16.327720110457523,3,188.0,Poor
lucknow,80.13716436113098,91.07662445185888,86.43979019420738,61.65516447043365,6.683350544412353,78.72925703332774,39.6753495676646,10.670441994293851,72.54586222958388,29.273364556467982,2,74.2,Satisfactory
kanpur,36.99980266371077,142.9981098336126,12.745319168908745,15.637412926312178,2.67683988990343,100.25940533005596,16.081995752356537,38.94004963404636,76.51040829946976,11.074085814276135,5,64.7,Satisfactory
nagpur,270.19256980646475,181.66584667423837,71.94960292027143,41.20015396414851,9.081230803987715,111.17238473396586,45.775633749789705,28.365747318150127,85.46445661742484,10.715770019791345,3,218.2,Very Poor
patna,271.12123657736583,212.8919439000929,44.776551549590025,33.09571616624042,6.740249887867757,11.687049591732057,47.68793583312279,37.13354181422322,57.49692439735913,10.322748535483262,10,183.0,Poor
indore,193.5994226092477,112.11569831773049,76.40528454325987,13.417171388655431,5.6483622467063554,88.89617710709565,17.010384559472,18.204896000403014,74.76868921471784,15.616315119145753,7,146.5,Moderate
bhopal,108.3186394041232,63.637993400897344,10.260333888438979,30.667684938739452,1.1987957452134628,173.79487095089002,18.36682249085969,22.07793109296318,66.43795515243775,13.219946502728806,11,87.7,Satisfactory
delhi,111.27077663767166,252.0356161278204,105.22673270752327,7.317440132068498,4.525849883683612,98.23548762202329,25.776073517675982,11.053635527396162,33.99799548482619,26.397438801810434,6,159.5,Poor
mumbai,220.52714687236943,129.6796102312972,116.95123145540065,4.013328742059985,4.65754688489907,125.18218546802204,47.11491981415,43.65223136009393,21.926723365205614,15.16562375170471,1,146.5,Moderate
kolkata,270.1619753862474,240.87052414059266,116.42095335785451,12.542970554076176,8.659179734274433,63.01685584587015,43.93965222397326,33.37537673452847,41.34060392577003,15.232735145657063,12,231.7,Very Poor
chennai,267.255063036884,78.65783180419689,91.20996065043634,77.12297870395555,5.511817379859106,141.57853428596962,6.025830166595901,42.66217807157572,53.22752797532146,4.151147841616698,8,192.8,Poor
bengaluru,236.1639082987109,202.83323870483065,19.959917615022675,44.86330379981132,3.865965434807056,141.39665191893957,20.243806420299393,19.29237426001753,66.28294583214922,29.48218622731158,2,189.3,Poor
hyderabad,196.18917738474346,222.38398436960262,92.2002675318376,77.33412856995116,9.770323252255528,98.62032810120363,28.115188297738822,31.40122639289813,83.7469497877404,7.49918672606489,5,180.8,Poor
ahmedabad,34.40058984856417,39.692943992522224,7.827495392762174,35.73483450975029,1.1961338739305254,175.9223499574663,25.653491155025463,33.747498890242326,34.718428752962424,2.20092202378808,9,49.2,Good
pune,56.872327087437995,147.90962571368982,7.544208425834684,26.32165838065025,4.283229440288252,31.343536509651074,10.49929032890774,21.114239509015597,29.416234242385784,19.894387469256262,8,64.8,Satisfactory
jaipur,270.580714672853,71.07757723681021,42.215175202197244,41.47906530153904,0.5160442841969124,12.881103031228768,43.08202178723958,39.68382322554705,92.26099606057457,17.86099110470618,2,142.1,Moderate
lucknow,185.86442730128107,44.08248877965174,61.19396689653656,36.28191171336699,7.42505079559261,140.92689599870633,34.17009836684503,43.15065120150867,28.103341953230533,12.454369619782371,9,114.1,Moderate
kanpur,12.667144968822598,396.1848883081792,93.59685304789622,10.241845372416025,9.188957866771592,147.21644135203005,42.057510367738374,40.96992911936015,55.88683025803919,12.665767016420341,5,147.8,Moderate
nagpur,39.42674743114931,142.49446109039474,83.57896830974809,51.984452545836085,2.8723695625498458,30.43522895049796,43.079449688124136,35.86734415787804,63.91727965949764,23.551917631392936,10,93.2,Satisfactory
patna,202.4155130413362,327.7522894247613,56.27881123332606,18.85097823574877,8.597582600311297,55.14908160296303,37.66943682962125,19.71126379037339,60.60308156805787,5.871379202989472,6,216.9,Very Poor
indore,11.46785931540342,116.76344881023026,36.46706662239158,50.32786048203071,2.992960481572788,12.983901772326915,22.52131946123615,19.856561473697113,26.45241177747074,24.607599568346693,3,61.3,Satisfactory
bhopal,56.63433491107461,278.9710344450931,119.66931751813678,52.71568520705596,9.116624600274761,59.862463832696,30.916790995755804,43.71761121561133,24.277018550271453,19.462413416850545,3,148.3,Moderate
delhi,169.13279891630998,308.8865867580809,54.01084975713689,13.857938544034553,7.564222845608161,141.43411856617416,8.857904899867414,10.35995735774922,27.911257059577675,12.569093213385731,10,180.9,Poor
mumbai,210.64960733088105,246.34272143098082,56.90950779791268,6.785270914632116,8.068577090730242,98.05328971113842,34.00862545627048,35.061749063475055,63.919076290445936,13.740858497516058,8,185.9,Poor
kolkata,199.06876525575416,199.19895164906018,23.816739437041957,62.89940371333831,0.2782649004444996,69.17625083860898,9.783409531224757,34.71861568943417,60.825866572574085,7.699416215582874,11,185.3,Poor
chennai,75.03809974356234,176.49954737596204,96.40309810624188,37.86443305400697,9.631822535032857,73.19568013407616,35.00352993499769,31.79413393324291,37.53055940275582,22.563429980909245,10,88.7,Satisfactory
bengaluru,216.5319741907854,152.5699412863382,84.77345596487119,6.536776049427112,7.2940428214962,10.230116371629586,12.250309876944465,44.6538096130403,67.83306063841937,15.386242269158032,10,173.5,Poor
hyderabad,78.80223537407203,373.22107481417385,30.388505470707447,79.59957273924184,3.11703584432272,60.9660896860901,6.760013707360779,20.915780251730382,81.50506265417371,9.625636282495307,12,149.2,Moderate
ahmedabad,104.36591246618764,335.63537495933707,14.47382024582191,6.506883757716597,8.311007182102585,119.89798607844818,9.098940017004914,21.899015232763688,23.118421988494532,17.881503472828506,2,171.9,Poor
pune,226.482507484227,386.71022605327477,83.257419738592,56.21274785096715,2.887059864307807,175.6130554487807,1.097614625734443,12.762879103129444,57.35974576610318,29.87203356153969,11,244.3,Very Poor
jaipur,198.39354072369224,67.232944924507,80.26878964233055,78.72695617054626,8.740263011704666,154.0003405872629,36.21824127482298,25.49793477903081,71.69828090770177,13.057868389696615,12,135.5,Moderate
lucknow,256.2747890433116,297.7296405773848,36.42484560479407,20.656048128842198,1.2145458650781766,14.011143989739951,36.88765140386057,19.136698418219684,38.92339453022653,27.620742023358588,12,249.9,Very Poor
kanpur,200.70773876709958,376.5693735919944,114.3493096587972,13.095450757601302,7.066491176861878,162.7553027947227,26.231734145749712,22.018534576217547,43.082817896986185,10.350505197736982,2,215.0,Very Poor
nagpur,174.80949496728678,88.86856514295086,22.371657554803527,11.468025274949454,5.452914918784612,143.1437302607664,8.906777251713802,39.210012658946965,66.02284272420378,1.6419812077495766,5,121.2,Moderate
patna,37.16568267014682,45.26858159937545,54.71850211989922,25.655461510272453,1.055691254934864,142.66394100706668,5.094162538023798,42.74195797346235,87.34514700828026,6.127263191052866,6,39.0,Good
indore,116.63758288723572,301.62584673022246,113.51583081927387,9.881573258830443,2.4947488997625062,87.85927903060715,1.9373193554270633,16.5006575201815,80.74433152271746,12.560854299830526,12,174.3,Poor
bhopal,86.90868662770038,238.29978300836652,53.26864144650406,55.988584652142286,0.22279995914541642,77.66089980226548,9.121660671295814,23.037812604371304,63.73476643246876,6.589047857837071,2,154.7,Poor
delhi,80.75699657993424,339.8949351681434,78.43048398136983,6.85876025414489,4.740802858098608,61.495673901642746,44.65192121417419,42.50206967403879,74.7666288317937,0.006811146547666125,5,145.4,Moderate
mumbai,292.17306087820924,73.11350311799,50.723355765721344,41.7349259956836,3.082526081524004,21.168126022242184,12.835305243382408,12.163296124122791,47.361685265584896,27.45004613242582,7,159.8,Poor
kolkata,123.99834015336052,322.20157850675827,36.534748270097055,79.7423546005322,6.023739094547812,48.800011793928846,18.359295033643566,13.232618483898248,68.07241460740683,25.31638233692787,10,156.0,Poor
chennai,268.69350100136285,96.61838161814292,118.15742951538024,65.48968102146947,3.0426542963153103,51.92261794626418,6.161928739585326,15.697684622218027,54.96361933456677,22.268766944608412,10,180.8,Poor
bengaluru,193.03020153920625,82.18925828896772,52.073410726229945,49.98711618201885,3.0691992039191485,92.29310185073427,11.895703932660345,30.832449194440617,34.24521023431707,5.034437869380859,8,132.4,Moderate
hyderabad,240.49527802707803,82.42100321377731,107.82140842310046,25.88778242135571,7.4576126674428735,137.06554912143798,26.44200396823005,15.266529485209912,72.63037054079429,3.6109072862995815,12,164.2,Poor
ahmedabad,155.7647570005057,329.5383936879252,31.444779677474912,50.6638752307478,0.5766140761856992,90.54767082765092,30.779881471686977,43.882673350775676,61.73484780116165,2.028142484171495,7,211.0,Very Poor
pune,177.30212654164413,272.774943864556,29.50704096288458,43.109234185108825,9.038660452400674,19.8335564060173,13.022263394144343,25.63500845404821,46.89661864651936,21.720875663187638,8,201.4,Very Poor
jaipur,152.83013120747054,218.76486141226533,8.580419531718807,35.23450394344898,8.537412356472696,172.82426616799467,3.828875802030743,27.553128612255822,88.3504392558973,27.864238820636558,12,164.6,Poor
lucknow,66.6204664614329,156.35558396693094,79.94168491822678,12.195409385735559,6.711266363941425,170.26313424599908,20.160610587242534,18.633051553189226,21.570058837004996,12.91607462739111,9,130.5,Moderate
kanpur,219.51111342583656,353.33620550898115,47.38052952823253,71.1551287887564,5.972893544063105,143.48222233522944,12.475965175390373,26.483608835215673,43.6829863437122,3.574220159881445,5,238.8,Very Poor
nagpur,91.42398510784818,169.12914082060144,104.40119873155827,37.083202608063154,8.933794731582557,178.5257432659175,11.758142238260294,33.16697714229541,24.266104833323492,15.371784621963197,5,130.6,Moderate
patna,17.051630265121613,330.3077869991993,59.419139269529076,17.180555922019675,1.9347687773342732,102.56199657604469,48.03327733295931,36.2911997933915,77.48954871662204,10.464957223758905,11,129.5,Moderate
indore,197.18696581307867,186.871265256683,116.342244210193,30.68522936842859,0.8817947056892033,173.67061954304504,31.19872381036048,36.385382894846956,72.65805905853445,11.244747730499931,10,183.3,Poor
bhopal,61.3620970280442,163.23888318146487,26.335434305858932,34.302120697256306,2.4711506821044273,22.85285690484763,28.2870437154327,30.226188944293092,44.85141640522377,18.63991872467122,4,91.2,Satisfactory
delhi,282.73298946234513,195.81831855445046,104.89166431489524,66.5479558542162,7.966324959131883,72.16572720443313,21.372980072642775,41.652592124785,70.67471766553048,21.56154339786607,9,213.2,Very Poor
mumbai,286.63928733075034,134.523592182374,94.3086380710503,59.22192168378936,0.4432356405921849,48.31481556115019,22.018272338077068,38.60927465571383,49.69529196469624,3.3181079661948254,5,182.1,Poor
kolkata,275.31067316393006,304.0915644669754,93.65601213406597,62.00578170402451,5.869787667326547,43.2916243028259,27.50434518806596,36.49668401445189,76.71903435668257,1.0677069241942916,2,244.1,Very Poor
chennai,117.34602307407887,211.03374823514207,102.15007123344208,2.8604386254344827,9.954831410293968,33.93650131175494,35.125060544769255,11.946193258816121,54.06377470525295,29.829909080571447,10,145.9,Moderate
bengaluru,14.482418793371554,108.24082415579058,92.51775895844487,34.460011858021396,8.57139132899164,115.81031906621944,35.40515871290964,10.240728677687725,50.920979587374916,6.981850467466555,8,56.4,Satisfactory
hyderabad,279.21238315044036,361.838337844336,77.01533698761277,39.54484382755524,5.262312321531535,142.82471547704185,9.413001477567029,17.435654701841553,90.10474366162258,1.6149157472537723,7,245.7,Very Poor
ahmedabad,134.17340301202114,165.87866412182035,20.09316093347457,3.4969975921984213,0.7300450019377592,108.3107279014613,25.50552485175472,33.22332578697083,38.81593249180251,5.696259872877599,8,117.6,Moderate
pune,290.32989752266417,226.55008722331567,8.74051064149397,22.265430282112668,8.330597792418528,34.98366062999564,21.185946656670996,24.391912110889102,29.033550499742407,1.1687353904539266,12,212.3,Very Poor
jaipur,289.44979335588334,364.4594021665278,110.89750249880399,61.30260620352653,6.029887230954384,147.89104088869004,43.655821347199826,24.08421907547591,63.840733494459364,11.75432683851515,3,272.8,Very Poor
lucknow,257.3727420855344,257.21043844731696,75.91478616988488,12.694557046861926,1.2378366708897117,118.11230021783385,31.939527139700445,40.96054108803648,92.69913592131341,24.072053533539727,4,225.2,Very Poor
kanpur,95.39017870017985,64.42125546917835,96.60178846226027,43.75419025330215,1.0291871197512266,75.98817004158924,27.09269925438311,41.344699684614355,48.337941029538996,10.237333492731619,5,94.3,Satisfactory
nagpur,121.67834129455832,377.1362069731205,60.37507042394326,18.785746017344525,9.105305512422264,124.6021502411307,6.654337466766951,41.8211342418755,24.652757272158613,13.325502206350997,6,176.5,Poor
patna,256.8296347398885,258.5290601671388,18.490441730675364,2.945420422223675,6.725082603086976,54.18384647128158,30.676256576847162,20.985732678025954,45.44789504821756,20.267603207023164,1,223.6,Very Poor
indore,101.90738149532052,147.26413356969272,19.3963661032933,20.813713692764235,8.30993931323588,68.68267544401579,6.742991378331437,34.18695344587416,57.944874073966886,15.266822102096405,4,116.1,Moderate
bhopal,59.15289653896682,72.92338761208717,83.8400080313317,78.11815288298419,8.801891112794447,165.97259333243835,17.52312220272185,19.507161344602938,32.14422549741603,25.843370580639725,11,72.7,Satisfactory
delhi,171.47236611292155,321.72957192271247,54.48517791343821,64.51989472687319,5.76054628527839,59.38576596414146,7.999256275902262,16.67134415760574,69.3576663542369,25.981070251372696,12,203.6,Very Poor
mumbai,281.4848845066265,255.62764725283515,28.060343570538723,76.8469782570406,5.222718882374909,89.89800558684922,34.91160870419408,16.462136007157923,94.83120417576505,0.2973208647346093,10,240.2,Very Poor
kolkata,211.84864103574216,222.71521495100217,61.53337287526524,40.052615426256274,4.3612313621778025,161.32399335732248,11.106353577971477,21.97376673022579,53.88046069860829,23.341389194495974,5,167.5,Poor
chennai,175.31773932591585,359.6791815593639,12.38402776364042,10.559423496845273,3.2377712191320813,130.31262954547967,20.201109286213274,25.04851669229376,46.60464175476595,13.822008007250217,7,213.8,Very Poor
bengaluru,38.18118319352288,319.66694026532167,71.92671122015587,44.74084013994805,4.402500012501246,20.57454844799947,44.888064103320154,39.083220986927394,50.05281251258499,29.665216239109892,5,116.2,Moderate
hyderabad,188.35209574275922,77.63645429844544,35.93424151003623,37.44143209567695,7.761408591728548,35.04151752742496,11.011502786549544,14.196188271544923,28.635963379640085,14.496962276263055,1,114.3,Moderate
ahmedabad,297.11561653023637,138.45438576230833,96.71929657327664,67.85985245369004,6.059041967049803,11.33307043122586,25.882448133980176,35.7224046588213,86.24552010696678,29.606878361648924,11,210.9,Very Poor
pune,50.624364418591966,114.42587312949698,40.691625276210985,9.650441301171078,8.935980570552976,117.25670433895777,21.54431139713508,28.600921996625686,51.111924164101396,22.637080836172096,7,34.1,Good
jaipur,160.31559918548365,302.69959117761726,57.350317144407136,40.0828086876987,4.4894621423539585,86.10448231977111,1.888078011240757,20.07808699365974,49.0455808568631,7.458146538399189,8,184.2,Poor
lucknow,264.43819085910707,32.742325199596166,6.336362089431573,13.703795846130772,6.110186829315665,32.82672465338684,39.845147565067826,27.24868545864886,69.47677046978558,16.15184937860873,7,158.4,Poor
kanpur,224.8228991487193,236.55808025110028,13.331392096374271,27.324722297424678,6.349944775610688,172.84880057965097,4.383249409415386,20.497972442195792,53.152506569834266,29.76406918435748,11,162.1,Poor
nagpur,212.13456488862772,309.7343005814624,50.136758986768754,59.51385203624837,5.957801906832622,100.04215307075538,24.238496027870728,30.862868433340708,68.61751016058845,25.72591823255771,4,225.8,Very Poor
patna,213.7203843562617,353.1709419694648,60.192965992469205,39.12941409076379,7.056074353546611,51.12185999919116,28.473236452008546,25.184537299933545,24.608471759809063,2.921006813736633,8,213.3,Very Poor
indore,114.252433853729,149.99106451204483,74.00236303371993,31.31928624137001,2.4505913369105823,95.10260709630029,31.792896374114765,15.754193517760756,81.02925077916706,21.191159904299884,5,117.9,Moderate
bhopal,95.14163483670308,332.0777757753649,38.54119655156987,32.76914972846275,5.172401397703327,125.53545656496833,34.742949836085906,14.080407609449384,90.5377964659552,10.367387576124392,10,146.3,Moderate
delhi,244.71473508876895,62.040060042978745,84.9229169045524,37.83684793566696,1.131825547802642,22.96066705550596,13.410346792613039,29.134348872524555,68.65740396195395,0.20946785641044352,9,164.2,Poor
mumbai,244.93288445696243,341.6518708591169,103.91407567675853,63.23129041929044,3.9066621436836444,56.69964855814164,1.4889600562640193,41.58445616501362,91.5924446644108,12.104429070809989,12,259.1,Very Poor
kolkata,261.45097238823007,68.44569168615331,94.68286372273523,71.58260573733828,4.927903979350518,147.18413345027892,36.44873945539069,22.038519029518994,31.357423577747248,7.042632651749139,12,178.7,Poor
chennai,274.83976024137667,170.96917041293955,9.556164915061071,76.51610554730641,6.557020169500177,88.14302796845242,27.24717336803135,35.655003752791814,55.80621421102653,24.566078115614147,10,193.9,Poor
bengaluru,158.28929566967196,322.9722389962304,60.25829893465033,63.37846412791302,9.510257420603415,102.91811414549014,41.96976745715519,33.05314742289184,65.13550504590854,10.119918265372965,5,181.1,Poor
hyderabad,155.4397254592879,76.96862239253403,17.06697051809011,26.601737868344994,6.046445558828723,83.57872037560978,41.24802978213402,42.60442200083183,63.630248556589,24.825710818614514,1,103.7,Moderate
ahmedabad,241.5056019003648,107.11553018840377,32.835176824190654,55.67450707475029,7.461579770147941,17.46299024931087,42.322982221606274,38.73433560546993,50.10963343167825,0.017938165043859255,12,170.4,Poor
pune,198.4895399255519,294.4559759893652,118.46619822572184,36.13304367632057,5.112033989002507,38.17746256942651,24.769638338997467,29.831184061691204,45.356330702469606,9.234574500783575,9,217.5,Very Poor
jaipur,213.57039440473397,293.6138838875083,21.386987433674022,21.86430851959199,6.3776299106256795,85.74207858612145,17.347791396006418,32.996067438193755,29.511801691281413,7.2349564292328585,12,207.4,Very Poor
lucknow,240.77987413646932,263.63610049641295,62.37213764690595,67.58798319522197,0.8022289397243569,45.56152911934773,39.78635192697713,41.443526330441216,49.38068379217086,7.00702083205833,5,193.0,Poor
kanpur,268.10154912709424,283.700408897498,76.0879094465837,4.9972552190613495,2.6184766503342853,18.496434872145386,23.113411538433493,23.983157460542717,32.199561132911384,2.0455985929638807,6,230.5,Very Poor
nagpur,108.01859548694539,226.23528847208655,85.78347161257196,72.33743538656303,3.6823456227308733,153.42044288881004,9.988667623768292,21.437814705022205,75.07742573691638,5.6137281123150515,4,128.9,Moderate
patna,118.91905626558376,115.68364238464204,69.35959860099513,37.99524224072926,4.777684214564484,176.8027299578997,42.89372695851224,10.378387927231872,35.66232016209425,16.666487096568595,6,116.4,Moderate
indore,37.25476255385201,151.3644775314894,6.123647453206121,51.70171519104587,0.551922580473599,144.8342885794457,44.245433961845016,38.92928759670124,24.39239789634004,8.740832185132334,12,56.1,Satisfactory
bhopal,177.70124088889045,89.00713238454175,42.54305044805907,53.429605932051054,1.4862385657778452,155.1434366897934,23.849178050868336,38.03432451411777,61.427460336292576,12.521843469874439,8,131.4,Moderate
delhi,20.423259401055205,365.21121330677875,64.53683898924182,71.81918377510983,2.8404616471339272,51.13611215389771,4.709286638179586,13.6559081335053,64.64222995395512,11.306006410415655,3,128.8,Moderate
mumbai,145.02342525841345,241.68888201112577,15.104647401655836,51.66023520904217,9.718173639920401,173.30658583724397,20.00347840592963,30.190008339644507,85.3934795960379,26.27714774999684,5,121.7,Moderate
kolkata,167.36694406519723,172.32353837018314,45.32209708905579,49.88681961128482,3.3803353703202026,43.477369757082826,40.37334531366756,26.23935943584106,63.27362093132614,27.158969970315464,2,158.6,Poor
chennai,93.09696311720248,195.5622053847704,8.818357511007155,7.198859163733817,4.872206475309617,171.7430677615115,45.18692739876521,14.154818342818901,45.911064029258426,14.788709149675801,2,106.5,Moderate
bengaluru,181.34164556501312,379.96766905248984,14.036527172827386,42.43582571172592,2.04136735611009,179.11927997421168,10.970164382382196,44.31988794712532,80.22589111447404,9.904678509468132,7,228.0,Very Poor
hyderabad,18.845072482324333,78.27353318411048,50.64617676318355,13.71318206372925,6.146722703650106,130.99287697682828,4.281706989238304,17.51435606121744,60.52091698905658,3.204021120070909,10,16.2,Good
ahmedabad,20.83097473727218,242.76733616638296,20.26231171495194,59.519833960275875,2.878763833608146,176.79443440460972,43.9901722035091,12.35319630316964,25.946021347339382,28.60208638146285,10,84.9,Satisfactory
pune,248.5541625913009,212.23769797609708,70.26719755007919,41.95330982338861,2.149226526540425,106.82176252640762,20.08084200996489,30.819658282566834,62.4387920234935,1.8068083470089236,11,197.3,Poor
jaipur,114.45528600926623,252.35260946516618,84.28847145078556,55.05776677825156,5.214069021615193,54.122103139935355,27.5462872491106,35.86033369965614,88.10139090662467,8.929508327048413,10,152.4,Poor
lucknow,46.84754866904659,26.881869851919394,97.06747039754453,5.2504862469859725,0.15450741168816615,84.28930056315555,48.43522479048719,11.135520611651543,49.72344691236654,8.941986035100125,6,26.4,Good
kanpur,161.45054541589326,351.40708539877755,28.017278088153162,8.613777251572651,0.17587392322733075,110.90535901439361,4.26167166779692,33.05511735544577,42.22443514248501,9.612038584206447,4,198.9,Poor
nagpur,233.29813039859715,374.2049473437727,24.260496959793024,57.87322426888922,2.268781210108392,22.423865544592548,32.767582365152684,28.630215658300905,30.760209276351503,4.928605298172278,5,264.1,Very Poor
patna,72.58809797408452,234.7506097638994,17.02530163845603,7.622578207896522,0.4635414887581293,115.79835498493183,4.6311657061684866,13.614275310626695,31.358414145151798,23.494842927710916,1,116.8,Moderate
indore,190.63823798751008,284.7273130732191,78.18947869751823,7.5580247656901705,1.1694549658938447,176.80023224959007,19.39797749485852,16.038335693122672,52.457861325636415,3.6749358589796763,7,194.2,Poor
bhopal,34.750764848192716,370.5497648473724,86.24470854599363,2.944461068321221,3.454720428453641,42.3183004632337,40.38691271447889,29.87910040606282,64.67598681211472,19.047199774594883,8,121.0,Moderate
delhi,24.987699138896232,288.7506810390915,8.632406654948834,76.60710906735945,8.045598227840149,144.74116976902516,22.240139405026085,20.372516472965096,26.04615538772013,3.7153808011745237,9,92.6,Satisfactory
mumbai,164.09284315476293,77.96483630741932,112.66440831802433,59.525652037802544,5.763281569356078,164.34279494253528,49.86193534124457,42.841050502796065,90.46764417688743,2.1160691277886965,8,124.5,Moderate
kolkata,166.78418526693088,238.989576863389,10.976697619919328,29.553609863161004,5.175410486968523,170.42927077943753,28.393904962383505,38.65590803194178,76.6350213083897,27.282885110576295,5,150.3,Poor
chennai,194.8546714344799,250.55171762548525,67.2490785596231,25.129775340437106,3.0055393497604044,173.22305274892602,16.73694547916172,44.42485222797821,63.9967938712747,5.70386298956117,3,199.3,Poor
bengaluru,220.56648677957185,181.1696550949067,86.54195973685539,29.276851920176266,9.324361822384882,98.64813858265023,11.785454969332903,19.08847936326449,82.13290032042431,24.637504636791128,10,187.1,Poor
hyderabad,292.99710304413503,299.8488095373947,105.16144923079985,62.42297543213218,4.030448908248197,176.14234435855562,18.17550618002193,43.940327147929196,26.014006760908497,16.338926133214073,11,295.7,Very Poor
ahmedabad,159.72710100734665,375.05946561222567,87.1199971952292,53.586907663492326,0.9622183912781378,138.7427352128546,19.25413041421799,25.093185442704524,55.76291582998433,2.3356955882630883,9,193.4,Poor
pune,103.65737715296133,371.716034904575,97.19872955302606,16.4452542936625,6.208958509566233,37.48414416028352,4.366970208474088,22.163157835981412,67.25698451462475,28.663445743142024,6,179.2,Poor
jaipur,240.60399648292406,191.3189611335702,44.0367721424227,15.580528156058579,1.227000095418354,91.0730180995549,19.109135771911884,11.762233443927364,82.1489679588717,7.408835009756776,5,164.3,Poor
lucknow,88.54135286600152,63.03045741948699,98.7048880808489,9.67486067764499,3.517709113736752,132.1162998132407,23.747687467222022,11.846784025086091,78.76021700369508,25.789360360578193,3,45.1,Good
kanpur,137.30171200463445,394.2396556056871,14.21320733423764,53.503612136704376,5.123378193306308,52.047853689244164,36.414149859701425,34.22039395813292,40.78019372850497,5.0643001735369255,6,202.6,Very Poor
nagpur,32.75235058925713,338.781272849455,107.90391544696068,61.621067653295405,8.75480299438324,118.90458120331085,33.17974475135879,26.027514805190975,90.56601271694032,25.618286464255586,3,144.7,Moderate
patna,17.351715590482677,67.37181885724141,67.97312325767967,22.673621409350314,4.9861111453671745,123.32208143792526,35.729517106228556,17.9282569112637,29.325938107315274,0.39686438715881955,10,27.4,Good
indore,289.16804025659826,369.9199153946015,98.98924354568678,3.6337069604111996,7.052361783713476,37.658956447456205,1.4098204119659978,31.488960721383144,85.63502139658641,15.35341369708442,12,272.0,Very Poor
bhopal,252.43423494853968,350.56061758360875,57.01660271960451,8.409390063161332,9.928886706090797,106.06450311696857,11.665702579446267,18.85003413875389,92.82051872034639,23.083277382646703,6,230.9,Very Poor
delhi,211.8325197671724,217.1584617079074,79.01143494760038,77.49308271791237,1.4017422869900182,141.1765748663633,33.42253013159297,30.21711140205479,33.28651424169692,28.0438655247835,4,179.4,Poor
mumbai,128.59635388013828,244.68466558307313,65.53630600765302,25.04469264323878,2.819842102643243,94.81226297111013,24.715479040807608,22.57230614439416,74.1549548152839,27.276064086194612,2,144.0,Moderate
kolkata,60.255352820545276,171.6210274706495,89.13279500186317,61.99940553137442,4.006303148416699,12.057529851938263,1.2603603077489514,38.82432793141366,23.021413908349885,24.588746086429346,8,84.6,Satisfactory
chennai,55.36674237461495,40.80942275237191,14.387447933517802,50.723758370632574,4.2760989675344305,11.53653974347967,40.4202374791593,38.724365626837276,50.40671188543662,26.645740489839124,4,33.9,Good
bengaluru,82.57044046773265,147.37495182544234,11.940489658914837,31.79129189292588,4.169108645128903,70.69498847490206,38.86766909122653,26.707263934284047,58.721247439825554,5.976590575112295,9,78.6,Satisfactory
hyderabad,169.27573276477494,325.08431046724434,33.41687191116684,18.0436064512533,9.085348925309894,167.45299163340295,27.872538986684567,22.278668826725546,63.548391943222555,8.525528871351863,7,194.4,Poor
ahmedabad,217.2328175830181,21.760168741749087,23.34763821301666,11.4681406164337,7.168923180221879,48.87505253261349,4.256702963037334,22.68959287956831,90.19529361864197,8.669055747631756,12,77.6,Satisfactory
pune,201.45723924814206,146.7296852426348,105.2551101581032,49.9710115070316,6.118261619497967,117.84182710818682,38.55923742709665,38.200008398387624,70.4188015470646,11.311617930050964,2,159.6,Poor
jaipur,91.18083011432343,171.30410356455846,30.209608546175097,62.42143488974746,3.162789906841543,47.752898017864496,29.601965798836833,21.48628189791642,56.09584634144277,11.799620111555662,4,88.3,Satisfactory
lucknow,286.9109313923263,224.2103291164107,117.2245044192001,52.224531776208195,8.255524803790818,64.68389824212326,39.31603888074,17.31707807973961,80.7256277199417,16.336659739640265,5,215.1,Very Poor
kanpur,223.99010584177287,369.545134236849,43.74301605367729,43.36356639343435,9.555099063701391,154.16715523225227,37.83560262739618,12.964091965635738,91.28996157158068,4.796392900993242,3,223.7,Very Poor
nagpur,170.7626752283062,151.61147785906527,25.943560304200417,5.272195427667628,8.229862997247242,133.90644518589096,40.34710152593402,26.334259230954295,21.654961151171815,20.73739991357968,9,134.8,Moderate
patna,187.39901640796214,151.8422167205665,95.8153283213851,77.54212465236193,0.11549454139558175,26.217877143245808,26.382395253826616,26.874623462194467,93.6890954192029,5.026996179135194,5,154.3,Poor
indore,131.68401810405908,300.2504742817044,80.75139418260075,64.29970694905683,6.400373564815729,82.87934356769371,7.875901391482235,39.43180486410175,26.459910429776023,9.309254463136426,2,155.3,Poor
bhopal,81.84198695533567,191.84281753812672,62.292507392110984,24.84011886267525,0.6062402762767972,14.95885981969496,33.88671619560475,17.74335437561224,81.0790084451571,15.100353918184622,11,119.9,Moderate
delhi,113.23207680886586,105.34983271719315,68.8668083578276,78.43768568999035,2.6503114813038464,91.75132492251153,31.40321546754656,23.334694578393997,41.02510644135594,23.89321684570432,3,88.9,Satisfactory
mumbai,229.77537203466704,191.92701613042348,87.70820450131035,48.94676399163313,0.6892945334429397,122.61378198918158,37.370406172755274,38.29420086127918,29.91347433154038,22.184076997161817,9,177.0,Poor
kolkata,14.174111702629201,73.52566774432395,31.272295253099355,47.42896734016522,6.077574984198939,30.145446011685763,9.32416929648603,38.82682637621407,52.98917297853762,19.366030692315668,7,40.5,Good
chennai,43.66106574700571,87.02705487236486,119.57840034652533,60.34970799550351,6.897240143576807,59.11043961455816,10.553784795114172,23.461387659256886,68.29674345857102,4.6731978174051045,2,73.7,Satisfactory
bengaluru,23.340766186308297,209.3797536410023,117.10121364688005,65.31804347103073,1.2334276168524607,77.63222633536668,44.630066343747096,26.069340815033833,48.57138837676062,16.41136036846733,9,86.1,Satisfactory
hyderabad,21.81135267250134,179.19167081172822,79.78745392989774,53.205331371857206,3.900004942145297,166.32027419152845,37.74891212415147,20.6150061797249,24.092405621202424,2.623395053996563,4,35.2,Good
ahmedabad,258.08356936319205,367.641442405878,27.947381856851692,11.991468216563602,4.616741438659866,178.8533526219039,45.50319594631582,42.639420744675924,64.95958547440375,11.320895303899523,9,230.8,Very Poor
pune,214.06077922020685,157.70968166432058,83.2262478795985,28.384865467570876,3.7536249154330745,17.634920829254696,38.17705073703211,14.15253180095531,87.6802457083006,12.405495908698775,2,170.7,Poor
jaipur,147.5104104353243,240.6235731056565,13.302817032605223,74.39052394543188,1.2981475048034112,139.37134699421665,30.260609993524792,42.68122980505145,48.74115244604388,1.1943431833726148,12,162.0,Poor
lucknow,38.371906588790424,260.26042940942153,8.525037753667696,19.52001772382045,4.247583122856006,73.19309128839835,33.05250411436581,33.93532581423702,36.22495832231203,8.219642984099155,10,98.3,Satisfactory
kanpur,152.56860378388137,24.97589350356678,34.63353217878957,31.02902785932604,7.536662673303339,76.7178916590116,44.567268273060485,28.605025344035592,53.19330094496115,28.66948401799468,12,83.3,Satisfactory
nagpur,147.30681352636404,272.14420136635,58.201640025021376,35.70199686964729,0.8029758788792292,138.22504546899387,29.361530971085084,11.143067127457355,23.627203328658567,28.608978234890685,4,200.2,Very Poor
patna,60.2285422739044,87.65366741050555,104.85133812196376,36.27358919616727,0.8937821394108442,166.13249346471946,31.987174892090984,26.64586671377029,81.53656883602062,10.569811627576179,5,68.4,Satisfactory
indore,135.81697827901218,385.20672063839294,88.62444302312542,49.80928743457299,3.612235789176244,171.65786106543322,8.667359084176429,24.271183675095628,81.975560821264,1.2930032684497217,2,208.4,Very Poor
bhopal,125.5663729752383,76.49183654618292,90.41124993799782,75.55991534408719,9.423084545027358,108.11083962651453,24.222139785689034,15.64265841912929,64.10003475722213,5.372848179845446,10,83.0,Satisfactory
delhi,188.59652843514277,177.557167016269,53.931733461528665,20.77403152293539,6.718869202556849,70.71059708108548,36.10345848594685,32.97433612252299,46.48271667037921,11.766533803006205,1,140.3,Moderate
mumbai,194.1771587516167,52.432873869884666,44.78252414290073,11.47710735147161,6.818832571058391,143.88334459599247,14.276192217501904,43.99028175789,79.98375233343376,28.433390939076894,7,129.8,Moderate
kolkata,23.13816283389291,398.81221570146,47.66945774322931,17.402698209075112,3.6830079092948633,52.67023515459105,10.910454845702212,29.67660838725838,61.60152685912754,4.235971906115548,10,154.9,Poor
chennai,118.63765824167665,210.83410392587217,118.57969982964666,71.18014221632302,5.9772418329645305,105.89258490169802,16.377513602996363,35.0163646755381,81.94492314125122,22.905475310046366,1,138.1,Moderate
bengaluru,191.49937555712856,246.24630658161664,9.612557012435484,52.37324338710607,0.20029872187465947,70.95833845922843,12.833530771648839,12.395765839810586,67.35940944372655,3.2604761812407625,11,146.0,Moderate
hyderabad,155.90951498822542,45.48906140760244,104.70862205408159,24.30072956065449,6.397350859454468,121.62728253033893,11.530719214783396,24.618344853594817,78.83041049095979,29.437727321738304,11,106.0,Moderate
ahmedabad,258.38205394461346,304.98497875168755,71.54767198582525,65.64386123955214,9.141540781004744,50.86781519189617,21.81769130053626,14.072546980757355,64.892224491332,11.44849497327405,8,237.5,Very Poor
pune,201.02115316949406,99.7641253763226,55.4407732068029,69.18685971634801,6.16447733661371,42.57080077492038,45.48408718029317,31.447854243777865,51.06058011617496,23.25703616697168,3,143.7,Moderate
jaipur,57.25098385361461,361.26062998747125,88.4046309477407,68.02811841784168,8.749616075316816,166.1006447348243,25.845922690197195,42.846875537495414,91.84593949446031,10.277732484333955,10,145.2,Moderate
lucknow,30.464936746124653,97.95306338316273,60.96692826384083,73.67626962388525,7.267333249114329,27.306626101421273,10.208098659950828,33.16222063650735,60.58353686591335,18.83006631476426,6,55.2,Satisfactory
kanpur,196.30159067983152,92.46133385219329,105.44367237939096,21.674799573522204,1.2935283223965337,96.01284431493838,4.77161179966283,12.688106691004753,65.38171389054038,5.7604825422011015,7,131.5,Moderate
nagpur,17.688280057070326,33.88887378227605,108.58071436129472,60.893270442209705,9.034287742129832,47.54497310371151,35.111651111758334,22.4133171744779,36.5365729561062,4.380630578908876,10,21.7,Good
patna,179.87491856930436,199.3854391417997,53.49790659044737,37.92208078738292,0.7577940591221713,16.61809376536347,19.757139457383005,29.273218280429802,66.92380920704574,28.141924187043937,1,171.0,Poor
indore,282.6667700132377,234.63963063979423,36.83519668203093,67.6758871254248,5.386277978222862,16.123199109542487,41.2697163826826,24.112271464663827,62.870573711220786,27.529418337133002,6,222.1,Very Poor
bhopal,176.8875115840049,44.9692829827739,73.12028778823665,58.82227281860583,1.507157525555231,39.78770125799065,33.31602766339774,39.177540366631035,33.86287984602687,26.62406820638647,7,113.6,Moderate
delhi,122.56927859989135,314.700494344104,109.92178474591947,62.56290082697852,0.21589544623595025,157.35096026602005,40.01583107652706,38.51348516484963,24.46903230148578,18.763003504997805,6,167.7,Poor
mumbai,196.55358334828242,192.2497572042505,29.226151735651655,53.18062333912358,4.278139175263626,58.021386476094534,14.325355931503989,31.41408570361275,65.32694897860783,24.248046336488347,4,160.3,Poor
kolkata,142.8933382425398,219.26830234448042,76.64115710980052,15.839444018637137,3.020903005776147,171.57805899780027,34.92558720059185,23.071028079644684,77.27692020127404,2.0711081073412476,1,151.9,Poor
chennai,168.22886890162113,187.4898438365267,77.62942531063986,44.51209967396119,4.91140488859627,108.8757898081629,13.93903724999222,18.936773081713547,59.255102819150615,10.043671256720375,11,180.2,Poor
bengaluru,283.0247945451923,172.28996313262388,89.30799757775732,78.80423968291164,5.814278878672053,84.22441226069023,47.014355493064286,13.705601137459526,37.00794689897343,9.411093742714687,9,220.4,Very Poor
hyderabad,121.96976496222453,232.6633258971228,20.130283789634877,75.11626918677527,0.5330168158585789,108.61510189380728,32.18233979513535,22.42141892202939,69.98914825197761,19.0693596585784,4,127.6,Moderate
ahmedabad,288.7452635089351,78.99129345367075,87.31987093844019,5.36755139216691,1.317732621725082,97.83872548846551,16.901078208591763,24.461038102270184,26.00792949572017,10.678733204119215,7,171.6,Poor
pune,272.5516861672585,89.13268958820302,109.53873987654872,14.855555626896095,5.630559724859211,138.9919631387453,14.20608125232136,33.65380237864258,53.1375278601466,4.4552034493104244,7,168.0,Poor
jaipur,66.77942908889597,347.47853598513655,25.663557520077827,12.27484432945583,3.4973567964093166,58.02433121538488,10.355402668510532,33.03559385041507,32.252506879881516,17.89401226240631,2,139.1,Moderate
lucknow,30.114777253797982,379.52387561078046,32.317482366245926,58.626432978853046,7.318817526739535,70.01856657205141,35.037406985792664,12.453784887443993,33.83442882949125,24.431517620072444,1,124.5,Moderate
kanpur,39.22562039945373,161.85754018630612,116.71043581478855,65.78725572884171,6.557687321060203,161.99603143065264,11.717065036898438,23.834076040090522,35.17204618686527,11.463704833799195,8,96.1,Satisfactory
nagpur,15.28432943894942,122.88297579455043,25.812349561591322,18.65388657223241,8.471483193600077,170.89760723556893,30.169860030446962,16.362260352607667,49.00302927829834,3.9680614529544513,8,9.7,Good
patna,37.388458619219236,264.71982643082595,103.2542857375016,41.45651005024266,6.95567898402533,161.73489867270067,13.96711631934251,15.488444686088199,23.836265421529824,5.900645919384692,7,123.7,Moderate
indore,208.0719642907435,175.31898501727665,61.611953491524,67.5748361848736,4.356317666162466,81.3061589727433,33.43647829489956,38.95557524080361,49.834508069682364,7.124499155081519,8,173.4,Poor
bhopal,30.644708053466406,29.646815150931047,33.431573556365365,59.15852049176755,6.7623695617048805,142.66213551116988,40.932046698486424,11.467032585069013,58.37805853360256,8.996927789836086,3,51.1,Satisfactory
delhi,102.50293278519078,79.33798699915233,105.13623864633881,44.294502028364164,2.8262736251286436,90.97707466118679,39.123236914088004,24.671400656574246,56.24707137247439,19.283852115189273,11,106.2,Moderate
mumbai,255.01384018114183,292.06944696201106,56.21010432530653,48.04711985578429,3.1325036379043056,94.58177486483737,38.2817152156083,15.887127951828138,48.70880753022804,18.02836453613157,2,215.7,Very Poor
kolkata,16.7488613633895,270.3910979258575,64.20399570191438,41.65212265946984,7.910953083215854,44.79561853973827,10.198397878920352,40.776557548746595,82.93599560530643,20.882395847011175,7,112.7,Moderate
chennai,246.19585995079137,30.296477151323728,46.311837480973054,25.208779202868005,4.519553212375663,110.49215155394779,5.330862402241417,29.49641796462623,30.899501931537806,10.875059535945395,8,137.9,Moderate
bengaluru,91.73788468428597,104.34942153452079,73.18934791501665,46.07171544300326,8.00396537113169,41.64310261806915,35.24849259588189,18.09832227318968,57.927255783603044,24.71992955639935,1,61.4,Satisfactory
hyderabad,44.26780001028031,107.80842270346713,23.80524534727762,55.73305355990708,8.241981499315957,66.36599884142294,19.049013475923214,27.584955050823176,24.65310627174157,6.122629834672808,12,63.2,Satisfactory
ahmedabad,212.0537779556037,275.31924256751677,49.974376714952484,70.119187437143,8.589867142846709,155.35513427538896,22.184965093764017,35.60202258960905,25.33667591584323,14.071222425544619,10,190.3,Poor
pune,192.39342556616637,27.49000434665838,116.48241706855806,51.63072561038135,9.174688834827952,45.20288756584539,2.526305546876162,43.53413031218018,63.03993872578222,24.02816164624291,9,124.5,Moderate
jaipur,264.46688392284534,59.56126115413806,34.68534476062967,61.36747988936632,4.366753683081632,22.096908479483577,13.71924601447741,17.71561014858966,62.45138186658657,5.404759431978578,11,183.1,Poor
lucknow,223.17060270312686,323.96811244181197,80.5247164222486,14.485587526456694,3.2567815013792747,21.73129074417877,2.650143789848737,41.01636202452708,85.85251346333428,3.2958934122234886,4,225.0,Very Poor
kanpur,243.0094698116061,87.84697158064677,42.39685738583991,38.00148300474361,5.863767591281727,169.93336848552835,44.080102857461135,42.70064399586216,61.840525674505486,26.510519030639692,12,140.9,Moderate
nagpur,91.79002604567889,268.04352098371237,93.94940945395908,2.7278663465132773,3.7746069920325134,96.17647445351189,12.926437477707994,42.07471905862232,91.98432653036376,10.287889882775877,4,155.0,Poor
patna,61.457467696119615,110.50945679775607,20.05047098261023,21.240951432686597,6.050634251322306,79.60005220889312,28.309521309077393,32.23950249016684,23.652113629994734,20.51610374727096,3,73.4,Satisfactory
indore,227.6782779758489,57.78772924855116,116.52942018403265,58.66401377881438,7.0853000401738635,147.84935877134615,2.90998671239539,32.043722905214764,27.35057635855558,0.7604581279181544,6,134.6,Moderate
bhopal,243.98207438750657,112.40543257979255,57.185797259118516,79.36117620525035,6.915209683072155,152.0904077447877,33.67552217397724,24.112372161433797,23.304939617778604,20.701406652283488,1,144.2,Moderate
delhi,297.2464911801953,294.4614341051505,32.14580328484335,9.73589176780284,3.8080735814992015,66.47247562965279,16.8283399419506,36.33392588063258,33.8957637750155,9.483039346409116,6,227.6,Very Poor
mumbai,129.65912630431367,345.1646578803886,13.452125942951456,33.31655663718048,1.751915996817653,127.91506977054519,44.998040160925626,28.595290642282617,60.59525832062586,1.6722256076232522,2,184.6,Poor
kolkata,117.88524487990712,335.4835485354568,24.522159085067184,64.40553555853444,4.362240450775855,141.09087869482073,44.517791257767755,33.710332492990304,68.4179136070571,18.29438284644351,9,162.0,Poor
chennai,235.15975861517907,170.92974125501283,64.77400408394203,17.91477950105411,1.5116820264108966,121.29061676721227,16.93924029972564,24.99602663470784,23.41888684615016,7.224114482195198,2,180.7,Poor
bengaluru,108.83302667337517,273.87235189684554,43.755365289597925,45.29662604557833,8.911960648319702,35.77116271601689,45.147083888832924,35.602376241509866,90.94781673841995,11.6042172615564,7,125.3,Moderate
hyderabad,279.91962442503376,97.89403225801198,100.3215870765001,59.179561090314635,3.5241868613047886,158.9001241978997,49.811726001440164,38.85650311615922,83.16240324877859,2.417424368595408,12,200.3,Very Poor
ahmedabad,258.9396980344734,131.39613749918504,54.55206522110768,50.046865120293965,1.6291514975109056,101.64607396512147,41.445367542073456,15.125268981098564,42.245936161781984,4.41489753284836,1,149.3,Moderate
pune,134.40826793875533,360.60761103802554,33.602141347577444,16.66592930000246,0.35193282306693374,58.02031248290063,42.39869604000622,39.15254004509798,25.7890647669851,8.939317064875313,12,171.4,Poor
jaipur,227.75260965953424,24.940730934079696,75.97167345946346,29.719996357487673,6.493641624236194,82.28879152440797,13.201428069345406,28.910378612660754,32.741530491429295,2.692785016804714,7,140.5,Moderate
lucknow,228.81743348455788,52.49324172469787,86.27937994182626,63.135759189860984,6.405332942801958,16.387085367814255,29.25841754403006,39.563306818157855,29.52083103162295,27.324787940589456,5,129.4,Moderate
kanpur,39.90592196242046,98.99677695549038,24.209819408609235,45.229668102297296,3.471981249154788,31.737356207810986,4.295539784401025,25.095559721935512,29.246283447421014,0.18141129551935253,8,64.8,Satisfactory
nagpur,271.74034293707433,30.082237472051492,24.27620987315653,2.4079098563471932,0.809947699591745,140.14294758769634,5.650978904261816,23.266416988406228,58.89212664993004,14.515806565929342,4,135.6,Moderate
patna,156.52318800987857,88.94546533412299,9.217214097357441,61.35727928219132,4.155326059462797,10.001977908412243,49.94573798963124,42.02712563810279,38.43855818700502,3.697423743976543,12,91.0,Satisfactory
indore,249.67266517124506,241.55579316848304,89.68623173254866,4.7542856853386475,3.1810532011275967,80.81619084198967,17.005323221869634,18.790924364194048,46.86047873968583,9.230372684338455,10,230.3,Very Poor
bhopal,102.81438429887741,180.1413292251492,81.33752067650758,60.16723505303611,6.803494333376593,98.82673078455004,37.66101169039347,39.54743138501501,94.21290000382419,27.781786794547966,7,123.0,Moderate
delhi,269.7017362638981,359.2152502092504,59.5825507112286,17.79348369288852,6.097214569581634,19.28785140016529,40.52658759831401,26.940720037829145,71.32356866940086,4.8508365982196056,6,260.2,Very Poor
mumbai,122.86848683290731,330.6285534606075,102.07960163145766,76.72973144931166,3.709477909155646,175.4232877052966,43.04314027935423,27.99334048929409,91.1735500285251,28.97496959154998,5,195.0,Poor
kolkata,13.142918929286525,149.89059364519287,97.65206758925612,30.69937860156259,2.257136287124402,48.441306312444226,49.88378657270567,20.79638985213194,30.69174162748367,6.173831309682651,4,28.4,Good
chennai,272.56077316158644,118.58090470389115,72.3157519056265,27.50066607437017,9.881556064940359,61.713782338167746,12.833327777586524,30.05647702166555,48.66046061244269,22.24698325400489,7,193.6,Poor
bengaluru,36.47313626797873,164.2831151035614,104.85119725902474,13.613267925930685,4.594616049841537,61.670227083354646,2.977190516125286,21.382391869667394,61.60488524617657,16.40031794691935,12,72.5,Satisfactory
hyderabad,102.6009549012203,244.31207815562695,28.671739154228348,25.83712880823676,6.913914934224347,49.17083255994948,21.14838438173471,11.37442949845783,25.75685464165535,26.534361827902774,5,120.7,Moderate
ahmedabad,285.5179704447334,121.86418351269297,17.870756230738706,70.37875942259964,1.4914743790257718,10.25054975467294,7.373952821618401,19.519951187052463,20.31405827209684,16.619797665093927,5,192.1,Poor
pune,285.67607261189124,257.17658498267093,36.0212053244538,79.71407833492529,4.907338026628038,133.9886149949594,2.098868568940701,10.223266519230673,70.28257503476881,16.03677657468926,1,223.9,Very Poor
jaipur,176.29698755575296,175.57642783267136,11.564988450271208,30.72814337953417,0.3726135267077083,174.3637349658785,18.660914529932818,44.242417546989984,68.13646376010766,5.863740011051997,2,153.0,Poor
lucknow,193.23279152924178,229.7779287237525,66.08449572011868,36.99162921445432,5.104005667313454,48.12989215845766,39.40317430268659,43.801152343691165,50.809160749970886,4.9868808615497615,5,176.7,Poor
kanpur,140.04920137371275,185.72808107142035,112.70965461392058,58.32153317981349,9.643772330465254,122.71802260658181,28.742853870028473,23.830435411530676,56.72330570240245,27.494674533465428,3,148.1,Moderate
nagpur,95.03112379243872,131.8969886259287,9.52450717687861,71.12327087627581,3.9036464585594226,136.12237558298156,16.326121471307346,35.49297990188761,51.15822504440672,9.835145965501022,2,84.7,Satisfactory
patna,105.31271815727563,380.41225664561955,19.042640111153084,48.257458066569164,0.48606052449162473,154.2323144453892,33.062758269143266,22.103213444364876,21.800378363366665,11.162467648886878,4,156.1,Poor
indore,205.03035226234115,310.17020178070914,57.002888252595056,32.53900445787069,0.4064623301015009,81.84696349231355,12.368890835131726,33.48826049800916,45.15287046630968,22.794709752851652,4,194.6,Poor
bhopal,228.1886135369272,73.24300679125196,112.39562701570907,34.184503586192655,3.941068923474008,61.49825395887297,1.7046908575321662,38.190051506609265,33.281169154796736,10.164704472684221,4,153.1,Poor
delhi,239.55792268049606,350.0178308412069,41.357952072326306,56.25821542675094,1.684246870985621,65.30017278391529,38.45331593538494,43.13646856422842,27.381814182602657,28.561873399170082,4,261.4,Very Poor
mumbai,238.98926141042062,205.2238553348152,63.33200299916513,2.251024561133737,0.33118575364904057,131.14562662674717,31.563411158336447,24.00742965473852,91.75403254170124,22.13783306996401,3,212.8,Very Poor
kolkata,36.44976988412021,359.9298462197547,9.780878790795091,50.32796832186757,7.586514778106751,148.85250930595814,38.35282860054704,37.41542940346167,64.95197937816242,17.922877277202602,12,120.4,Moderate
chennai,153.38188836374863,323.9449972599798,22.059468110640218,29.728454814425877,4.639377787930718,40.87437451862245,2.9079628176956147,19.307495772124156,74.6492213177452,26.426854816342573,7,179.6,Poor
bengaluru,26.69204040482684,181.58113169830872,118.46246414026739,63.94739183961257,2.96352324252928,73.05997138682008,42.018861763701956,44.661630632777694,43.652280744958816,1.4881772504844826,9,84.5,Satisfactory
hyderabad,169.3633758738833,28.538337161644613,115.98865009014524,9.25326990620431,9.010823511863158,163.3298334473555,31.356783801778864,10.90193595675229,49.486034712051136,7.711880765676263,12,113.1,Moderate
ahmedabad,138.04384539827933,122.09739656627951,5.5680978074571055,47.87977682197446,1.2497757059852037,147.13789834810567,28.606372184919366,31.123508227539233,37.76929954225426,13.951090026627298,5,112.8,Moderate
pune,267.43421299990695,225.82100157112944,114.45835532367248,39.51588541111765,9.56359640665766,177.42592846962089,31.606088357612048,33.082709357796446,27.272425322406857,6.8093561841456305,4,228.5,Very Poor
jaipur,111.76535364010282,260.721723533936,78.49879284878254,52.101391020607736,3.208270502035793,138.22220414595373,43.357229096549844,34.08159449759451,33.42737280811878,22.317155619064557,11,105.0,Moderate
lucknow,43.9494347640057,117.99732046461686,104.81060386980255,7.058580369671531,8.895196355855944,76.84318417474678,29.759888821386447,14.213565257618114,79.81355339723643,27.576240931611757,2,78.9,Satisfactory
kanpur,51.4675877953224,72.95530814767318,57.2950833978938,47.23873541939424,6.069134477146669,110.40843177908842,29.46656861452079,42.848542421559564,70.81593538878319,12.713103597927702,2,52.6,Satisfactory
nagpur,230.83808319806695,337.27348998373367,64.29354328661378,45.79579786084285,8.284402861440725,122.37242322204445,49.54327869622252,16.341414766752898,61.01966569891077,10.263978003356849,5,218.0,Very Poor
patna,189.28323836171572,394.0728286673498,61.21735672954582,45.73148736446133,9.841730315783597,23.33748877391107,38.07977818635983,31.796369113394437,55.6317404650076,28.84652196412699,7,236.2,Very Poor
indore,39.32557607560917,219.76226927502063,81.689389617802,49.07203799452348,2.955213834405583,102.56448304765706,22.672396467105628,17.79366276930797,89.18257127420934,13.345572984826225,10,122.3,Moderate
bhopal,34.39097377334926,85.23812862235533,21.059894296975983,54.764499103656256,9.61524130553517,130.58454084034364,35.66245300161346,20.75257459574448,25.45512108340013,14.671452013478497,10,59.0,Satisfactory
delhi,213.28104812314479,123.47678407736021,8.446962835357965,64.78914197510005,3.955870759533962,38.44462168018026,20.072293112897636,29.126048960484354,41.0450609928437,10.54949617025716,9,140.4,Moderate
mumbai,31.10127184561612,26.988457088037357,40.411943282986954,23.04601617000072,3.916567856895531,142.7073919623447,12.21489766169145,24.60176964976018,46.24533901780356,27.28645419036415,7,14.7,Good
kolkata,248.3394171942033,367.4335464929896,86.03828771471437,66.35385399404484,3.4698323321196067,109.24137268739898,30.245741967500212,15.60789603417772,78.68193591595909,17.068664498455522,5,205.5,Very Poor
chennai,214.8102458753839,64.74541149825363,28.213146994139063,40.86394321654938,5.459935312741093,171.8777035685911,46.480922807583624,15.98277408472969,94.43859651214785,22.865237615449338,10,135.8,Moderate
bengaluru,33.59114638615093,239.07626069541635,82.4447298323655,8.01054577247783,1.6260359274670224,17.211790695171587,46.52783648075767,24.63506758569799,38.05028860678648,24.35420155052659,10,110.0,Moderate
hyderabad,34.60293708470566,124.14098386113828,116.5398853023361,6.566972481030378,5.58174370504431,55.105443384429385,17.753358627169025,36.50490423964253,85.57305006028105,10.255471257517746,10,70.8,Satisfactory
ahmedabad,296.12547776534086,230.5876409560015,15.798582315783115,28.07058885829274,5.4628776428590395,112.2641594809701,26.856195844863056,41.4287626396726,82.29670703238435,13.010829939611401,6,235.0,Very Poor
pune,118.5385307692749,267.5397475737084,82.34924359588952,63.22196421469447,7.642827944788213,60.41518507500822,11.3701590299232,12.944468179078399,36.8493048231325,25.454153232187938,11,135.2,Moderate
jaipur,117.48622264939837,335.3018854087366,56.031275220025684,57.19911290979143,8.353134623182097,131.45210789211117,49.78592436544529,23.758636764579038,49.949943514941694,10.897660550274308,12,168.0,Poor
lucknow,245.71187450467573,98.44008326902922,104.83635925341312,63.5119672444477,4.460369368092998,139.03089802872827,49.07477748552885,13.508594730300683,50.725465196938934,23.818054003555538,3,167.5,Poor
kanpur,284.702087441319,24.178414890222584,25.37222578644938,42.34698640244553,3.0930991685797884,27.427713891300655,32.82593755566492,10.580736822140926,93.36655013949188,28.22976967723311,5,153.9,Poor
nagpur,295.94030850863254,72.01653942614676,84.65198450600892,36.335521840528266,2.6674154834392354,97.35525891515051,40.416288924196195,33.16015389253848,33.56689260341737,18.69631119204021,8,201.6,Very Poor
patna,228.47967372509308,362.00708390227993,101.38325830953268,13.501297083090147,2.0267759833782324,96.5113944504795,36.0399079029013,31.085730468830572,79.93684783285866,22.248818623556666,1,237.2,Very Poor
indore,119.11527980396558,352.0782294737558,113.63063523951267,27.5990347815263,0.6707110637703463,72.77773093664197,30.06475273293394,15.705668983521017,45.064453562983246,24.152919361234048,12,179.2,Poor
bhopal,34.21520784261394,247.01697882471714,83.57352325330928,35.853510561562274,3.4902349904636623,168.59722663684425,3.614051852455987,18.183449158257243,74.81527593321204,25.351189466899275,1,91.5,Satisfactory
delhi,235.37260561895667,248.19640696478828,62.17509786096914,8.910833515010143,2.7754521520947546,150.6760743784476,23.283452785080392,10.829771377558144,51.50082532217471,11.85160013570388,7,221.8,Very Poor
mumbai,171.93723242338348,272.7139363275771,76.0524326231396,19.207732311474476,9.667532120077432,128.52559492463826,34.064528806203114,39.22315219930413,63.3769822337405,1.5379037752799452,5,158.7,Poor
kolkata,133.02438268162314,86.64108587691085,104.9240732150526,48.66157293697163,5.621317379875435,131.4355280749496,34.19904908030055,44.1141708616993,82.44588299945983,12.056288137102186,5,102.4,Moderate
chennai,272.8427716774734,367.4765394514847,70.62012086346542,59.381722910656805,3.538042686402025,88.49174444823025,19.283008302696796,14.741083787814178,80.3124173737913,20.212686893522694,1,285.6,Very Poor
bengaluru,42.24726986878389,179.1327994589878,8.49451186513624,79.87110588865008,5.84662924983759,166.5690685864179,47.1429073462435,18.101632481785433,84.98173876547752,13.510511573423784,9,87.2,Satisfactory
hyderabad,152.86128024434916,165.59264073480904,112.05909998330245,74.7828398447975,1.4780473433223857,128.08122263305853,9.20049457960227,40.39433333814269,24.471299400849425,22.468894525811958,1,146.4,Moderate
ahmedabad,13.292556982551531,217.18872800747826,84.29557636862953,52.12008556374494,4.496033117101809,133.92678048148878,25.51761286456247,42.42623292846647,71.90379147798086,10.709472884059917,5,87.4,Satisfactory
pune,145.91158617829663,37.84706737452092,82.79903936438335,34.85734815693762,6.299719782068532,156.48745364384868,34.853314850990316,24.68695839823836,30.499053254132214,19.042324233120887,10,84.3,Satisfactory
jaipur,26.327949947732833,83.18768012731017,29.802642525737475,51.62183444724215,4.940088534745269,56.59217018817247,35.15965448869865,11.771786529417595,51.186392601380824,5.592594145619238,9,44.1,Good
lucknow,44.45719571774086,300.4527742420208,80.77182907675558,63.2808262102581,4.07761012647781,147.20205365733952,32.783308881671964,11.378714179248679,61.14413112910164,22.48108309934871,4,122.4,Moderate
kanpur,44.082611565360416,51.46349381154806,50.294406650228225,11.23022289202421,9.939099050107012,43.19090250260365,14.489122459141148,30.088245312415367,50.20546135601231,16.370879064390774,8,48.3,Good
nagpur,198.27098761365843,249.1978015972275,79.89179235977159,33.97258139631048,8.815116145274377,68.70813188163093,8.654121865644477,23.751328811261267,58.970875685225565,6.121931656398018,6,165.0,Poor
patna,226.35301498697277,113.23266167890196,17.258198485418934,67.50457827957814,6.271718985778457,67.05377722587326,32.161076014508836,11.002834965217907,94.73947315989643,8.757335204934218,11,159.1,Poor
indore,179.17694187817628,167.93233333595109,80.65221002934915,31.938970250777434,5.7368358757046,176.3493296261539,30.36580369083245,30.413833730939487,30.141298528464105,22.45826125745497,3,168.9,Poor
bhopal,289.03003905761716,129.70361997286597,119.93257846362665,46.60603715572055,6.244538750263382,155.61132803714756,9.788444504172809,10.395588780615787,70.65920340023192,14.478037069845621,4,200.7,Very Poor
delhi,118.71246806187418,155.15563225668066,10.544384468963944,47.84601014725146,2.092989867442089,129.19887647034415,35.55181813295761,37.558018535224555,49.70007247892114,6.480943211792166,2,119.6,Moderate
mumbai,92.85650502173961,293.23744397001326,117.37503118545149,16.38914774442387,4.011863658316754,133.59964947461634,23.303427594949163,20.725148794618008,29.97573491804966,29.01813571110893,1,157.5,Poor
kolkata,261.8937471749435,132.9062519368065,51.79441548313012,30.254364448878494,0.4906493756199033,105.55237504843709,33.720268988554494,11.409030105323124,31.905257253073216,21.453750594506637,8,171.0,Poor
chennai,74.84279317064127,235.23376331282094,105.1366467887848,28.091880521870706,4.807905771119584,171.00541340844825,42.03098690873738,30.592327734410365,91.19548296842127,28.714044976193883,1,109.3,Moderate
bengaluru,289.3345364377773,200.89915283565787,94.97433066670145,4.043343265501054,5.4759433811808655,94.36398799000146,9.316693000269234,23.918954505156915,85.97011225338215,12.813151360810297,11,205.6,Very Poor
hyderabad,13.524797660046739,272.1950428378063,70.2068700134668,3.8869575835257093,2.3547223874217753,74.68801067788208,1.9380985318449973,44.083014467500234,88.02814703112664,14.253010220751614,1,103.5,Moderate
ahmedabad,291.26485974521535,375.99530094340804,89.92165906390255,66.87236940671033,9.643885586938586,37.71600727837047,39.17602673339355,29.046953187629576,94.36495818705399,26.938656485550574,4,274.4,Very Poor
pune,22.516374465667074,298.3773969398951,106.029289549655,23.29952317787937,9.103600648278697,143.65496088437985,30.875173832478183,19.63337133629529,35.62365425063885,15.751480207361539,10,137.0,Moderate
jaipur,268.4315029724406,101.67734386448757,51.47613698986879,42.410143766627606,7.249218031013468,134.85546845285054,35.28233891148396,34.83036026218912,46.65795030230463,21.218367357170013,12,186.4,Poor
lucknow,163.03332163502697,31.849591323288173,42.60881357977245,25.3005947399243,5.3805276247770895,75.34035654910294,42.06959377444348,19.502220088994896,70.191427244365,7.565186324865899,10,110.6,Moderate
kanpur,297.9597908745971,119.66033683393353,81.77323933981225,75.37298111899656,8.712694680512081,14.282880373068991,40.337735806400524,41.64851519926478,56.28519048954854,13.401794061079217,6,204.9,Very Poor
nagpur,31.40100377326567,246.12961366609684,97.90228332324473,22.225147191530354,1.393458203852283,152.62954571206183,48.08508719951241,23.115268967758176,51.37921500337501,3.7034959743106532,9,90.9,Satisfactory
patna,170.61774247638303,39.54180912401513,92.66279049931082,35.513231393636936,7.926046963321362,11.941057187192518,27.260818863753794,29.245399697167183,46.83584370016948,6.17940107630885,1,117.7,Moderate
indore,291.0977353295387,208.61917393646982,96.74856961874296,70.07295953779894,1.3357260582717982,129.62896253693867,24.936286000335365,11.77005863384801,64.53354739575892,0.02830245802893261,7,227.1,Very Poor
bhopal,161.69837480934316,246.8002825884179,55.0920812034873,67.67081820976108,7.962685559239113,174.9437086534297,20.692472794645774,24.914243328328077,63.16950714800615,1.177951549459807,10,149.5,Moderate
delhi,192.52560505922614,147.0126785104451,99.05093486012748,16.515910592009632,2.830098925688434,84.4024257851946,8.530861099366023,39.13272388813482,32.109337554818005,29.31851469530788,11,174.2,Poor
mumbai,211.76711980553898,312.9466374234123,18.82404136761997,64.60617816406541,8.78319675208007,49.94547884931197,29.057754411219097,38.19770818771697,55.38048781388293,7.270610854102869,5,222.4,Very Poor
kolkata,141.81690878265422,60.507336190833286,67.6162462654977,37.738577165555625,9.446016728871438,129.82807170737487,14.57361369197296,17.85114955987342,61.51038321573874,19.89932128512006,12,83.9,Satisfactory
chennai,191.99184322437839,48.55235705960733,5.6622459572839805,39.671572022657706,1.573080097110645,148.91178414264948,46.144068098435795,17.91276748536969,62.771520404854286,25.172990963988347,8,103.8,Moderate
bengaluru,179.45115045769907,296.7117273573693,42.327370438531084,12.411437848443615,4.680488490147396,102.89315373323404,29.57634940957778,38.605685927463284,35.75803946842639,16.519813777096928,7,177.5,Poor
hyderabad,271.3358230423868,208.28670015835542,47.143076510210754,8.286918073055723,9.811775043810583,174.39599679354484,30.049168844897398,42.563944705926396,75.6703544189215,4.594335002518686,4,214.8,Very Poor
ahmedabad,23.179450299022783,281.5929106425397,50.55985953506437,58.77926594395368,4.885733616134151,18.783682681853385,18.39130838297349,13.337632244555124,21.889932111580222,21.843493120084993,4,114.0,Moderate
pune,91.4793249817468,185.23438866942357,84.97872876933415,40.72396988371338,8.649120472893998,95.81525171176979,3.5474782469076667,25.752052379917885,46.6123891657372,18.007542302987492,6,116.8,Moderate
jaipur,285.619330382202,113.63277263086059,49.68418164608976,36.07435480398401,5.9284420691000665,132.1371710448335,2.5554445032764423,21.81089976374801,78.51594864017252,21.93751768042125,6,190.3,Poor
lucknow,268.1764973283657,331.2588807161959,56.59976660159103,58.901641834886945,3.8157660884040587,156.64888009536043,21.743422063506678,40.474095941010376,62.29196907915517,23.092398685712617,9,225.6,Very Poor
kanpur,142.14045830785676,323.7780340082121,32.31757505054766,61.71000612130656,2.9292571997061154,40.47345402432431,5.1437035267646545,12.923372013800657,39.587182438314514,29.262311030542353,12,181.9,Poor
nagpur,189.83845336244565,283.98465892468215,47.92395603737411,14.394837078209578,2.111908601752264,146.00059189982585,30.735500821466818,17.389407989531307,72.12148395072859,17.2068984008013,5,186.5,Poor
patna,90.44054306452848,123.41515214738583,31.13600713526242,49.59756165925602,7.6418020946392025,103.96020287215269,44.16767727634321,36.33639181552731,62.5543208117055,10.249233380718055,8,79.2,Satisfactory
indore,64.55513631989078,244.28765341025309,13.417531233371019,12.557618417659471,3.9267510175479763,77.41412593829375,44.26282600941739,11.795284714342545,79.71827070922905,19.453936707007113,5,85.2,Satisfactory
bhopal,144.47253743259483,157.17008083721018,74.39658823885846,60.60725671026556,5.161627075787436,32.39155485844591,33.29322509647939,27.238738325000124,75.12688896423676,2.0532212772787837,2,134.0,Moderate
delhi,112.47214612755532,54.801187864120976,81.84447183382687,53.24250218883688,4.974022252011701,157.1002790145151,11.35035974217362,25.4737462137902,65.7580941527176,26.92191954964759,6,93.0,Satisfactory
mumbai,179.2602724367529,368.57915867565225,76.24138979110566,76.61594044450972,5.815062389407999,36.73644539055161,43.28684473658473,21.704041264606204,56.613325648311054,3.5814303401459036,9,189.9,Poor
kolkata,32.543044719845604,71.99107974920534,58.30181503706582,7.378725275800852,8.669213741683068,62.66393606554687,44.4185783303472,23.810031036162332,29.988659425064256,9.835285136574548,3,47.3,Good
chennai,292.57449422318825,381.09019445190495,48.67536472061143,6.450268249797837,9.80931950147595,59.30774043361427,10.636025662694976,28.547920542558153,39.59997634140378,24.472361418783628,1,270.1,Very Poor
bengaluru,296.0011158990848,189.48219372402318,104.2833697007599,24.01059182606961,4.135083664880788,158.14038581244523,37.133878202763185,15.64785754359341,51.4324604687814,17.919371349921356,1,213.4,Very Poor
